# © Die Bundeswahlleiterin, Wiesbaden 2025;;;;;;;;;;;;;;;;;;;;;;;;;;;;;;;;;;;;;;;;;;;;;;;;;;;
# Datenlizenz Deutschland – Namensnennung – Version 2.0 (https://www.govdata.de/dl-de/by-2-0);;;;;;;;;;;;;;;;;;;;;;;;;;;;;;;;;;;;;;;;;;;;;;;;;;;
# Quelle der Rohdaten der Spalten 35 bis 48: © Bundesagentur für Arbeit;;;;;;;;;;;;;;;;;;;;;;;;;;;;;;;;;;;;;;;;;;;;;;;;;;;
# ;;;;;;;;;;;;;;;;;;;;;;;;;;;;;;;;;;;;;;;;;;;;;;;;;;;
# Strukturdaten für die Wahlkreise zum 21. Deutschen Bundestag (Bundestagswahl am 23.02.2025);;;;;;;;;;;;;;;;;;;;;;;;;;;;;;;;;;;;;;;;;;;;;;;;;;;
# ;;;;;;;;;;;;;;;;;;;;;;;;;;;;;;;;;;;;;;;;;;;;;;;;;;;
# Zeichensatz: UTF-8 mit BOM. Trennzeichen: Semikolon.;;;;;;;;;;;;;;;;;;;;;;;;;;;;;;;;;;;;;;;;;;;;;;;;;;;
# ;;;;;;;;;;;;;;;;;;;;;;;;;;;;;;;;;;;;;;;;;;;;;;;;;;;
Spalten-Nr.;;;1;2;3;4;5;6;7;8;9;10;11;12;13;14;15;16;17;18;19;20;21;22;23;24;25;26;27;28;29;30;31;32;33;34;35;36;37;38;39;40;41;42;43;44;45;46;47;48;
Land;Wahlkreis-Nr.;Wahlkreis-Name;Gemeinden am 31.12.2023 (Anzahl);Fläche am 31.12.2023 (km²);Bevölkerung am 31.12.2023 - Insgesamt (in 1000);Bevölkerung am 31.12.2023 - Deutsche (in 1000);Bevölkerung am 31.12.2023 - Ausländer/-innen (%);Bevölkerungsdichte am 31.12.2023 (EW je km²);Zu- (+) bzw. Abnahme (-) der Bevölkerung 2023 - Geburtensaldo (je 1000 EW);Zu- (+) bzw. Abnahme (-) der Bevölkerung 2022 - Wanderungssaldo (je 1000 EW);Alter von ... bis ... Jahren am 31.12.2023 - unter 18 (%);Alter von ... bis ... Jahren am 31.12.2023 - 18-24 (%);Alter von ... bis ... Jahren am 31.12.2023 - 25-34 (%);Alter von ... bis ... Jahren am 31.12.2023 - 35-59 (%);Alter von ... bis ... Jahren am 31.12.2023 - 60-74 (%);Alter von ... bis ... Jahren am 31.12.2023 - 75 und mehr (%);Bodenfläche nach Art der tatsächlichen Nutzung am 31.12.2022 - Siedlung und Verkehr (%);Bodenfläche nach Art der tatsächlichen Nutzung am 31.12.2022 - Vegetation und Gewässer (%);Fertiggestellte Wohnungen 2023 (je 1000 EW);Bestand an Wohnungen am 31.12.2023 - insgesamt (je 1000 EW);Wohnfläche am 31.12.2023 (je Wohnung);Wohnfläche am 31.12.2023 (je EW);PKW-Bestand am 01.01.2024 - PKW insgesamt (je 1000 EW);PKW-Bestand am 01.01.2024 - PKW mit Elektro- oder Hybrid-Antrieb (%);Unternehmensregister 2022 - Unternehmen insgesamt (je 1000 EW);Unternehmensregister 2022 - Handwerksunternehmen (je 1000 EW);Schulabgänger/-innen beruflicher Schulen 2022;Schulabgänger/-innen allgemeinbildender Schulen 2022 - insgesamt ohne Externe (je 1000 EW);Schulabgänger/-innen allgemeinbildender Schulen 2022 - ohne Hauptschulabschluss (%);Schulabgänger/-innen allgemeinbildender Schulen 2022 - mit Hauptschulabschluss (%);Schulabgänger/-innen allgemeinbildender Schulen 2022 - mit mittlerem Schulabschluss (%);Schulabgänger/-innen allgemeinblldender Schulen 2022 - mit allgemeiner und Fachhochschulreife (%);Kindertagesbetreuung am 01.03.2023 - Betreute Kinder unter 3 Jahre (Betreuungsquote);Kindertagesbetreuung am 01.03.2023 - Betreute Kinder 3 bis unter 6 Jahre (Betreuungsquote);Verfügbares Einkommen der privaten Haushalte 2021 (EUR je EW);Bruttoinlandsprodukt 2021 (EUR je EW);Sozialversicherungspflichtig Beschäftigte am 30.06.2023 - insgesamt (je 1000 EW);Sozialversicherungspflichtig Beschäftigte am 30.06.2023 - Land- und Forstwirtschaft, Fischerei (%);Sozialversicherungspflichtig Beschäftigte am 30.06.2023 - Produzierendes Gewerbe (%);Sozialversicherungspflichtig Beschäftigte am 30.06.2023 - Handel, Gastgewerbe, Verkehr (%);Sozialversicherungspflichtig Beschäftigte am 30.06.2023 - Öffentliche und private Dienstleister (%);"Sozialversicherungspflichtig Beschäftigte am 30.06.2023 - Übrige Dienstleister und ""ohne Angabe"" (%)";Empfänger/-innen von Leistungen nach SGB II  August 2024 -  insgesamt (je 1000 EW);Empfänger/-innen von Leistungen nach SGB II  August 2024 -  nicht erwerbsfähige Hilfebedürftige (%);Empfänger/-innen von Leistungen nach SGB II  August 2024 -  Ausländer/-innen (%);Arbeitslosenquote November 2024 - insgesamt;Arbeitslosenquote November 2024 - Männer;Arbeitslosenquote November 2024 - Frauen;Arbeitslosenquote November 2024 - 15 bis 24 Jahre;Arbeitslosenquote November 2024 - 55 bis 64 Jahre;Fußnoten
Schleswig-Holstein;1;Flensburg – Schleswig;124;2128,1;301,2;271,7;9,8;141,5;-6,1;18,0;16,9;7,7;12,3;32,1;19,2;11,7;12,6;87,4;5,2;527,7;94,4;49,8;597,8;5,7;40,0;6,8;3,5;9,9;9,5;23,2;34,0;33,2;41,9;92,1;23052;34278;357,9;1,7;19,6;26,6;15,3;36,8;71,1;25,9;37,9;6,3;6,9;5,7;6,0;6,1;
Schleswig-Holstein;2;Nordfriesland – Dithmarschen Nord;197;2777,9;239,1;216,7;9,4;86,1;-7,1;16,3;15,7;7,0;11,5;32,5;20,9;12,5;11,2;88,8;6,5;604,9;94,6;57,2;632,9;5,9;56,4;9,1;3,1;9,0;10,0;20,6;42,6;26,8;36,0;91,0;26700;38762;366,6;2,8;19,9;32,6;12,5;32,1;58,6;26,2;37,3;5,3;5,7;4,9;4,9;5,3;
Schleswig-Holstein;3;Steinburg – Dithmarschen Süd;178;2000,0;223,6;205,6;8,0;111,8;-6,4;17,7;16,5;6,6;10,9;33,7;20,5;11,9;11,7;88,3;3,4;512,8;97,8;50,1;631,5;5,2;39,4;6,8;2,4;8,3;9,3;21,9;38,0;30,8;34,0;89,4;24456;36003;324,1;3,0;27,1;23,0;15,2;31,9;67,5;24,8;41,7;5,7;6,0;5,3;5,7;5,3;
Schleswig-Holstein;4;Rendsburg-Eckernförde;163;2165,4;255,9;238,2;6,9;118,2;-6,0;17,5;17,0;6,5;10,3;34,0;20,3;12,0;11,6;88,4;4,3;508,8;99,1;50,4;648,0;6,2;38,3;6,5;2,0;8,1;10,5;18,9;34,3;36,3;42,8;92,7;25749;32892;305,3;2,6;23,8;22,9;17,3;33,5;52,4;27,4;44,3;4,6;4,9;4,1;5,4;4,3;
Schleswig-Holstein;5;Kiel;3;143,0;273,7;238,9;12,7;1913,8;-3,1;9,8;15,1;10,1;17,3;31,4;15,8;10,3;54,5;45,5;2,6;545,5;72,0;39,3;460,9;6,3;35,0;4,4;5,3;8,4;9,4;17,8;29,4;43,4;41,0;95,3;21680;49099;504,6;0,2;15,9;19,3;25,2;39,5;110,6;25,5;41,7;7,6;8,2;7,0;5,6;8,0;
Schleswig-Holstein;6;Plön – Neumünster;92;1302,4;223,0;203,4;8,8;171,2;-7,4;17,9;16,3;6,7;10,8;33,0;20,0;13,1;12,5;87,5;3,9;519,4;91,1;47,3;602,7;6,0;37,7;6,5;4,1;9,0;8,9;19,9;32,8;38,4;37,8;87,9;23815;32555;343,1;1,5;21,2;28,3;18,6;30,3;74,3;27,5;39,4;5,8;6,1;5,5;6,0;5,4;
Schleswig-Holstein;7;Pinneberg;49;664,3;323,8;281,8;13,0;487,4;-4,5;16,3;17,4;6,7;10,9;35,0;18,1;11,9;22,4;77,6;4,8;497,1;91,6;45,5;560,0;6,7;41,5;7,2;2,2;9,2;7,6;18,2;34,5;39,7;36,7;83,2;26563;31494;295,8;2,2;27,3;28,3;14,9;27,2;70,3;28,1;53,7;5,4;5,6;5,2;5,6;5,1;
Schleswig-Holstein;8;Segeberg – Stormarn-Mitte;95;1333,5;326,7;294,3;9,9;245,0;-4,5;17,5;17,4;6,6;10,5;35,5;18,4;11,6;15,8;84,2;5,9;488,2;96,1;46,9;623,9;6,8;42,2;7,2;2,3;8,4;7,3;16,9;35,4;40,3;41,2;89,7;25981;35449;352,2;1,0;27,4;29,3;16,9;25,4;55,0;27,2;51,1;4,9;5,0;4,7;4,2;4,9;
Schleswig-Holstein;9;Ostholstein – Stormarn-Nord;49;1533,7;221,7;205,5;7,3;144,6;-9,0;17,5;14,8;6,0;9,5;33,3;22,3;14,1;12,6;87,4;4,2;584,0;90,9;53,1;652,1;5,7;47,3;7,4;3,3;8,1;10,0;20,3;38,1;31,5;41,0;90,8;25815;30076;323,2;1,4;21,3;31,0;12,7;33,6;49,0;25,6;42,5;5,0;5,4;4,6;4,7;5,6;
Schleswig-Holstein;10;Herzogtum Lauenburg – Stormarn-Süd;126;1349,9;328,1;294,2;10,3;243,0;-6,0;18,8;17,6;6,4;9,7;34,6;18,6;13,1;15,7;84,3;3,4;486,7;95,9;46,7;613,7;6,4;41,2;6,9;1,9;8,0;8,3;16,7;32,9;42,2;40,7;88,2;26490;30675;302,3;1,2;28,1;27,6;14,9;28,2;57,8;28,4;52,0;4,8;5,0;4,6;5,1;4,7;
Schleswig-Holstein;11;Lübeck;28;406,2;236,4;208,0;12,0;582,0;-6,5;14,2;15,5;7,8;13,4;32,8;18,2;12,3;24,6;75,4;3,0;553,5;75,7;41,9;481,5;6,1;37,1;5,3;3,8;8,5;11,3;18,6;31,4;38,6;41,9;92,8;22666;45580;465,4;0,2;23,7;23,2;20,4;32,6;100,4;25,0;37,8;7,8;8,3;7,3;7,1;7,9;
Schleswig-Holstein;901;Land insgesamt;1104;15804,3;2953,2;2658,3;10,0;186,9;-5,9;16,5;16,5;7,1;11,5;33,6;19,2;12,2;13,7;86,3;4,3;526,2;90,8;47,8;590,5;6,1;41,4;6,7;3,0;8,6;9,1;19,3;34,7;36,8;39,7;90,0;24888;35903;356,4;1,5;23,0;26,2;17,2;32,1;69,4;26,5;43,7;5,7;6,1;5,3;5,5;5,6;
Mecklenburg-Vorpommern;12;Schwerin – Ludwigslust-Parchim I – Nordwestmecklenburg I;127;3640,9;269,6;250,1;7,2;74,0;-6,9;23,5;16,6;6,0;9,1;34,5;22,4;11,3;9,1;90,9;2,5;554,4;81,5;45,2;555,2;4,5;35,0;8,0;1,2;8,7;11,5;11,0;43,3;34,1;61,9;94,4;22345;33777;386,8;2,5;24,2;19,8;16,2;37,2;78,0;23,1;36,1;7,7;8,3;7,0;8,6;7,6;
Mecklenburg-Vorpommern;13;Ludwigslust-Parchim II – Nordwestmecklenburg II – Landkreis Rostock I;119;3936,9;250,2;236,4;5,5;63,6;-9,1;22,1;15,8;5,2;7,7;34,0;25,0;12,3;9,1;90,9;2,6;563,2;83,3;46,9;601,1;4,2;35,6;8,7;0,4;8,4;10,4;12,7;47,5;29,4;62,9;92,4;22556;28307;308,4;4,2;30,2;23,6;11,1;30,9;57,1;22,1;29,2;6,2;6,7;5,7;6,9;6,8;
Mecklenburg-Vorpommern;14;Rostock – Landkreis Rostock II;36;994,4;274,2;255,8;6,7;275,7;-6,5;15,4;15,2;8,0;11,9;32,6;20,1;12,1;15,7;84,3;4,0;586,4;71,0;41,6;465,0;5,8;34,7;5,4;1,3;8,6;9,6;9,8;39,9;40,8;66,8;101,7;21578;37721;428,3;0,8;16,4;23,9;23,1;35,8;73,3;20,4;30,3;7,0;7,7;6,2;7,1;7,2;
Mecklenburg-Vorpommern;15;Vorpommern-Rügen – Vorpommern-Greifswald I;111;3475,5;283,2;265,8;6,1;81,5;-9,9;17,8;14,9;6,6;9,5;33,1;23,7;12,2;9,3;90,7;4,4;633,4;75,8;48,0;579,9;4,6;40,1;7,6;0,4;8,0;9,0;14,5;46,9;29,5;64,1;98,2;21630;27178;353,3;2,5;16,0;29,2;13,8;38,4;74,6;21,4;25,1;8,9;9,8;8,0;9,8;9,4;
Mecklenburg-Vorpommern;16;Mecklenburgische Seenplatte I – Vorpommern-Greifswald II ;158;4968,5;257,0;241,9;5,9;51,7;-11,3;21,1;15,2;5,6;7,4;32,5;26,6;12,6;8,0;92,0;2,4;624,0;78,9;49,2;574,7;4,4;35,1;7,5;0,7;8,5;10,6;14,9;42,7;31,8;64,1;99,1;21112;28628;373,8;2,6;18,7;24,1;15,1;39,5;82,2;20,4;23,9;8,9;9,8;7,9;10,0;8,9;
Mecklenburg-Vorpommern;17;Mecklenburgische Seenplatte II – Landkreis Rostock III;175;6277,7;243,8;233,3;4,3;38,8;-11,1;19,6;15,8;5,1;7,4;33,8;25,5;12,4;7,0;93,0;1,6;592,8;80,4;47,7;593,6;4,5;37,0;8,2;0,8;8,6;10,2;12,3;45,4;32,1;63,6;93,5;22150;30038;352,9;3,3;21,7;26,8;13,7;34,5;73,3;21,7;26,3;7,7;8,5;6,9;9,5;7,5;
Mecklenburg-Vorpommern;913;Land insgesamt;726;23294,8;1578,0;1483,3;6,0;67,7;-9,1;19,8;15,6;6,1;8,9;33,4;23,8;12,2;8,6;91,4;3,0;592,8;78,3;46,4;560,4;4,6;36,3;7,6;0,8;8,5;10,2;12,5;44,2;33,0;64,0;96,5;21880;30957;368,2;2,5;20,7;24,5;16,0;36,3;73,2;21,5;28,5;7,7;8,5;7,0;8,6;8,0;Spalte 2: In der Landessumme sind die Küstengewässer einschl. Anteil am Festlandsockel mit 1 km² enthalten.
Hamburg;18;Hamburg-Mitte;1;118,4;358,8;273,8;23,7;3031,0;-0,7;20,8;17,1;7,8;16,3;34,8;14,4;9,4;58,5;41,5;3,2;539,2;74,8;40,3;439,1;9,4;53,1;4,6;2,2;8,6;6,4;16,4;22,6;54,5;52,0;90,5;26158;70620;573,5;0,1;15,6;25,8;33,9;24,6;106,7;26,5;49,9;8,0;8,1;7,8;6,2;8,1;Die Stadt Hamburg bildet mehrere Wahlkreise. In den Spalten 1 und 7 bis 48 sind die Werte für Hamburg insgesamt ausgewiesen.
Hamburg;19;Hamburg-Altona;1;77,9;265,5;221,0;16,8;3407,9;-0,7;20,8;17,1;7,8;16,3;34,8;14,4;9,4;58,5;41,5;3,2;539,2;74,8;40,3;439,1;9,4;53,1;4,6;2,2;8,6;6,4;16,4;22,6;54,5;52,0;90,5;26158;70620;573,5;0,1;15,6;25,8;33,9;24,6;106,7;26,5;49,9;8,0;8,1;7,8;6,2;8,1;Die Stadt Hamburg bildet mehrere Wahlkreise. In den Spalten 1 und 7 bis 48 sind die Werte für Hamburg insgesamt ausgewiesen.
Hamburg;20;Hamburg-Eimsbüttel;1;49,8;261,1;221,5;15,2;5242,8;-0,7;20,8;17,1;7,8;16,3;34,8;14,4;9,4;58,5;41,5;3,2;539,2;74,8;40,3;439,1;9,4;53,1;4,6;2,2;8,6;6,4;16,4;22,6;54,5;52,0;90,5;26158;70620;573,5;0,1;15,6;25,8;33,9;24,6;106,7;26,5;49,9;8,0;8,1;7,8;6,2;8,1;Die Stadt Hamburg bildet mehrere Wahlkreise. In den Spalten 1 und 7 bis 48 sind die Werte für Hamburg insgesamt ausgewiesen.
Hamburg;21;Hamburg-Nord;1;115,0;291,6;255,0;12,6;2535,7;-0,6;20,8;17,1;7,8;16,3;34,8;14,4;9,4;58,5;41,5;3,2;539,2;74,8;40,3;439,1;9,4;53,1;4,6;2,2;8,6;6,4;16,4;22,6;54,5;52,0;90,5;26158;70620;573,5;0,1;15,6;25,8;33,9;24,6;106,7;26,5;49,9;8,0;8,1;7,8;6,2;8,1;Die Stadt Hamburg bildet mehrere Wahlkreise. In den Spalten 1 und 7 bis 48 sind die Werte für Hamburg insgesamt ausgewiesen.
Hamburg;22;Hamburg-Wandsbek;1;78,8;329,1;268,7;18,4;4178,1;-0,7;20,8;17,1;7,8;16,3;34,8;14,4;9,4;58,5;41,5;3,2;539,2;74,8;40,3;439,1;9,4;53,1;4,6;2,2;8,6;6,4;16,4;22,6;54,5;52,0;90,5;26158;70620;573,5;0,1;15,6;25,8;33,9;24,6;106,7;26,5;49,9;8,0;8,1;7,8;6,2;8,1;Die Stadt Hamburg bildet mehrere Wahlkreise. In den Spalten 1 und 7 bis 48 sind die Werte für Hamburg insgesamt ausgewiesen.
Hamburg;23;Hamburg-Bergedorf – Harburg;1;315,2;345,4;262,3;24,0;1095,8;-0,7;20,8;17,1;7,8;16,3;34,8;14,4;9,4;58,5;41,5;3,2;539,2;74,8;40,3;439,1;9,4;53,1;4,6;2,2;8,6;6,4;16,4;22,6;54,5;52,0;90,5;26158;70620;573,5;0,1;15,6;25,8;33,9;24,6;106,7;26,5;49,9;8,0;8,1;7,8;6,2;8,1;Die Stadt Hamburg bildet mehrere Wahlkreise. In den Spalten 1 und 7 bis 48 sind die Werte für Hamburg insgesamt ausgewiesen.
Hamburg;902;Land insgesamt;1;755,1;1851,6;1502,3;18,9;2452,2;-0,7;20,8;17,1;7,8;16,3;34,8;14,4;9,4;58,5;41,5;3,2;539,2;74,8;40,3;439,1;9,4;53,1;4,6;2,2;8,6;6,4;16,4;22,6;54,5;52,0;90,5;26158;70620;573,5;0,1;15,6;25,8;33,9;24,6;106,7;26,5;49,9;8,0;8,1;7,8;6,2;8,1;
Niedersachsen;24;Aurich – Emden;25;1399,7;238,7;219,3;8,1;170,5;-6,2;18,2;16,5;7,3;11,5;32,8;20,8;11,0;16,3;83,7;3,3;541,8;99,4;53,8;614,4;4,8;37,1;5,9;4,9;9,7;10,7;15,4;45,6;28,3;29,7;90,6;21693;35784;409,1;1,2;28,9;25,3;15,7;28,9;75,9;26,5;32,2;6,7;7,1;6,4;5,8;6,7;
Niedersachsen;25;Unterems;56;2597,8;321,6;280,9;12,7;123,8;-3,0;18,3;18,0;7,6;12,1;33,6;19,2;9,5;14,7;85,3;4,1;479,8;113,4;54,4;635,2;5,1;37,2;6,6;5,1;10,2;7,3;17,7;51,4;23,6;35,7;92,7;22145;36263;372,1;1,8;33,0;23,0;14,2;27,9;49,4;26,6;42,7;4,5;4,6;4,4;3,9;5,1;
Niedersachsen;26;Friesland – Wilhelmshaven – Wittmund;28;1373,5;232,5;212,7;8,5;169,3;-7,9;22,0;15,9;6,9;11,6;31,3;21,1;13,4;16,4;83,6;1,9;578,8;93,8;54,3;627,0;4,8;35,6;6,0;3,9;8,9;8,0;15,5;46,3;30,2;31,0;90,7;21775;33898;336,4;1,2;21,9;24,6;14,2;38,0;83,9;26,0;37,7;6,9;7,3;6,5;5,5;7,2;
Niedersachsen;27;Oldenburg – Ammerland;7;833,7;303,5;271,6;10,5;364,1;-3,0;17,2;16,4;8,3;14,2;32,4;18,0;10,7;23,2;76,8;4,4;533,4;95,7;51,0;572,3;6,3;40,7;6,3;6,0;10,5;6,2;11,4;46,4;36,0;41,7;93,9;22424;43480;454,0;2,0;18,4;23,1;23,2;33,3;73,4;25,6;45,5;5,6;5,9;5,2;4,5;5,7;
Niedersachsen;28;Delmenhorst – Wesermarsch – Oldenburg-Land;25;1952,1;303,0;267,2;11,8;155,2;-4,5;16,7;17,4;7,2;11,2;33,3;19,6;11,3;14,9;85,1;2,4;488,7;102,1;49,9;609,9;5,4;34,3;6,4;3,6;9,7;6,6;18,7;52,7;21,9;31,4;87,2;23303;29419;312,7;1,9;35,0;25,1;10,5;27,5;72,2;26,3;44,7;6,0;6,0;6,0;5,3;6,2;
Niedersachsen;29;Cuxhaven – Stade II;45;2575,3;236,1;219,3;7,1;91,7;-7,1;17,5;16,9;6,3;10,2;32,7;21,4;12,4;11,4;88,6;5,7;538,7;102,8;55,4;642,6;5,2;32,2;5,3;3,5;8,6;7,3;13,2;52,5;26,9;37,1;93,9;23477;27767;271,9;3,5;26,5;24,7;12,1;33,2;61,8;27,0;40,5;5,8;6,0;5,5;5,3;5,9;
Niedersachsen;30;Stade I – Rotenburg II;60;1972,8;260,4;232,5;10,7;132,0;-4,1;20,6;17,7;7,2;11,8;33,7;18,8;10,8;13,2;86,8;4,7;496,8;104,2;51,7;659,6;5,9;36,2;5,8;4,5;10,2;7,4;14,9;49,3;28,4;34,2;89,0;24402;35468;329,3;2,8;26,9;25,6;14,1;30,7;62,6;28,5;46,4;5,0;5,1;5,0;4,7;5,0;
Niedersachsen;31;Mittelems;48;2353,4;326,0;283,7;13,0;138,5;-2,7;21,2;18,2;7,4;12,2;33,5;18,9;9,8;15,1;84,9;4,3;457,0;115,2;52,6;625,2;5,9;38,4;6,8;5,3;10,2;7,4;13,9;52,2;26,5;39,4;93,5;22737;41703;418,3;1,9;39,0;21,4;12,5;25,3;43,2;27,4;49,0;3,3;3,4;3,3;2,7;3,7;
Niedersachsen;32;Cloppenburg – Vechta;23;2234,6;322,9;277,3;14,1;144,5;0,6;17,6;20,0;8,6;13,3;33,3;17,0;7,7;16,9;83,1;6,5;432,3;121,0;52,3;618,2;5,9;42,3;8,3;5,9;11,0;7,0;16,3;53,2;23,5;35,3;88,6;22927;42074;465,8;3,6;43,3;19,7;11,5;21,8;47,9;28,0;48,6;4,0;4,0;4,0;3,3;4,6;
Niedersachsen;33;Diepholz – Nienburg I;59;2490,9;251,4;228,0;9,3;100,9;-4,4;22,5;17,1;6,8;11,0;33,8;20,0;11,3;13,1;86,9;4,1;473,4;111,8;52,9;661,8;6,1;39,8;6,5;3,0;9,1;5,6;15,2;51,9;27,2;36,1;90,8;24555;32936;339,9;2,4;30,1;28,1;12,4;27,0;55,8;29,3;49,5;4,4;4,6;4,3;4,2;4,3;
Niedersachsen;34;Osterholz – Verden;22;1442,0;252,1;231,2;8,3;174,8;-4,5;20,3;17,9;6,6;10,4;33,6;19,9;11,7;15,6;84,4;2,5;482,1;109,7;52,9;652,1;5,5;35,6;5,7;3,0;8,4;5,5;13,3;42,7;38,5;35,3;91,9;24812;28652;325,1;1,9;27,7;28,1;14,3;28,0;46,8;27,6;48,6;3,7;3,7;3,7;3,6;3,8;
Niedersachsen;35;Rotenburg I – Heidekreis;44;2734,5;217,7;198,3;8,9;79,6;-5,3;22,5;17,3;7,3;11,5;33,0;19,8;11,1;11,2;88,8;4,4;500,4;105,4;52,8;672,9;5,1;35,8;6,4;4,4;10,0;7,0;14,0;51,7;27,2;33,1;89,8;22933;36557;356,7;2,2;24,2;29,4;11,1;33,1;54,4;27,0;38,0;5,4;5,4;5,4;6,3;5,3;
Niedersachsen;36;Harburg;42;1248,5;264,8;239,8;9,4;212,1;-3,4;20,4;17,7;6,7;10,6;34,6;18,6;11,8;17,4;82,6;4,3;487,5;105,4;51,4;651,2;6,8;42,0;6,1;2,7;9,3;4,0;12,3;41,5;42,2;39,5;94,5;26921;26177;272,8;2,0;20,2;35,7;16,7;25,3;47,3;28,3;45,2;4,5;4,7;4,2;4,7;4,6;
Niedersachsen;37;Lüchow-Dannenberg – Lüneburg;70;2555,2;226,2;208,7;7,7;88,5;-4,8;18,4;16,8;7,6;11,4;33,7;19,4;11,1;10,2;89,8;1,6;528,8;98,3;52,0;618,2;5,8;37,3;5,7;4,1;10,1;7,0;15,2;42,1;35,7;39,8;94,3;22626;30030;337,5;2,2;23,5;22,6;15,6;36,1;64,9;24,9;37,4;6,0;6,7;5,4;5,7;6,3;
Niedersachsen;38;Osnabrück-Land;29;1916,3;264,0;236,7;10,3;137,8;-2,8;17,2;18,5;7,4;11,6;33,3;19,2;10,1;14,4;85,6;4,9;467,7;110,0;51,5;667,7;5,9;36,5;6,6;1,6;8,8;7,3;16,5;52,9;23,3;37,4;91,3;24088;33198;368,0;1,8;39,0;23,6;11,5;24,0;36,7;27,6;44,2;3,5;3,5;3,5;2,9;3,8;
Niedersachsen;39;Stadt Osnabrück;6;325,3;257,9;224,2;13,1;792,8;-3,0;15,4;16,0;9,6;15,1;31,7;17,3;10,3;34,7;65,3;3,1;524,2;90,6;47,5;583,6;7,3;39,6;5,7;7,5;10,6;6,6;10,5;46,4;36,5;36,8;93,7;22962;46006;522,9;0,5;23,4;22,8;21,4;32,0;72,8;25,2;47,4;6,0;6,3;5,7;4,5;6,5;
Niedersachsen;40;Nienburg II – Schaumburg;60;1576,6;248,1;222,2;10,4;157,4;-7,6;19,4;16,8;6,9;10,8;32,8;20,5;12,1;15,4;84,6;2,4;512,4;103,9;53,2;663,0;5,7;34,6;6,2;3,9;9,1;6,9;15,9;43,8;33,4;34,6;90,4;23229;30232;315,0;1,3;29,4;23,2;11,4;34,7;68,6;27,9;46,7;5,8;6,1;5,5;6,4;5,2;
Niedersachsen;41;Stadt Hannover I;1;112,9;253,2;200,0;21,0;2242,7;-2,0;19,4;15,8;8,8;17,5;32,6;15,5;9,8;69,9;30,1;8,1;591,4;75,3;44,5;525,6;6,8;38,3;5,4;3,5;8,6;6,2;11,6;41,6;40,6;37,4;91,5;23178;47884;474,8;0,2;19,7;22,9;26,4;30,9;100,2;25,7;51,8;7,9;8,3;7,4;6,7;7,6;Die Stadt Hannover bildet mehrere Wahlkreise. In den Spalten 1 und 7 bis 48 sind die Werte für Hannover insgesamt ausgewiesen.
Niedersachsen;42;Stadt Hannover II;1;91,4;267,1;213,2;20,2;2922,1;-2,0;19,4;15,8;8,8;17,5;32,6;15,5;9,8;69,9;30,1;8,1;591,4;75,3;44,5;525,6;6,8;38,3;5,4;3,5;8,6;6,2;11,6;41,6;40,6;37,4;91,5;23178;47884;474,8;0,2;19,7;22,9;26,4;30,9;100,2;25,7;51,8;7,9;8,3;7,4;6,7;7,6;Die Stadt Hannover bildet mehrere Wahlkreise. In den Spalten 1 und 7 bis 48 sind die Werte für Hannover insgesamt ausgewiesen.
Niedersachsen;43;Hannover-Land I;8;1135,7;305,5;267,2;12,5;269,0;-5,3;15,0;17,7;6,8;10,6;33,7;18,8;12,5;18,9;81,1;2,6;502,9;100,0;50,3;525,6;6,8;38,3;5,4;3,6;8,9;6,2;11,6;41,6;40,6;37,4;91,5;23178;47884;474,8;0,2;19,7;22,9;26,4;30,9;100,2;25,7;51,8;7,9;8,3;7,4;6,7;7,6;Die Werte in den Spalten 21 bis 48 gelten für die komplette Region Hannover, daher sind in den Wahlkreisen 41 bis 43 und 47 die gleichen Werte ausgewiesen.
Niedersachsen;44;Celle – Uelzen;48;3013,4;264,7;241,4;8,8;87,8;-7,3;19,7;16,9;6,8;10,8;32,7;20,5;12,2;10,6;89,4;2,2;537,3;102,8;55,2;648,5;5,2;33,6;5,8;5,1;9,5;7,1;18,5;48,6;25,8;34,1;91,7;22582;30963;338,8;1,9;27,3;21,7;11,7;37,4;69,6;26,0;37,5;5,5;5,9;5,1;5,8;5,1;
Niedersachsen;45;Gifhorn – Peine;35;1819,6;286,0;259,8;9,2;157,2;-4,0;16,5;18,7;6,7;10,6;34,2;19,5;10,3;13,9;86,1;3,3;484,9;110,5;53,6;636,3;5,3;25,7;4,9;2,4;9,1;4,7;14,0;48,9;32,4;34,7;86,9;24566;22787;249,1;1,2;26,9;22,6;17,8;31,5;61,3;28,2;46,6;5,0;5,2;4,9;4,8;4,9;
Niedersachsen;46;Hameln-Pyrmont – Holzminden;42;1802,4;233,1;206,6;11,4;129,3;-8,5;21,0;16,4;6,7;10,7;31,7;21,3;13,2;12,2;87,8;1,9;556,8;98,1;54,6;651,3;5,1;33,7;6,0;4,7;8,4;8,8;14,1;47,1;30,0;31,7;88,0;23272;36684;356,8;1,3;33,9;18,1;14,5;32,2;85,1;27,9;46,5;6,7;7,2;6,2;6,2;6,3;
Niedersachsen;47;Hannover-Land II;12;957,1;313,2;275,0;12,2;327,2;-5,2;18,0;17,9;6,6;10,3;33,7;19,3;12,1;18,3;81,7;2,4;503,9;98,6;49,7;525,6;6,8;38,3;5,4;3,6;8,9;6,2;11,6;41,6;40,6;37,4;91,5;23178;47884;474,8;0,2;19,7;22,9;26,4;30,9;100,2;25,7;51,8;7,9;8,3;7,4;6,7;7,6;Die Werte in den Spalten 21 bis 48 gelten für die komplette Region Hannover, daher sind in den Wahlkreisen 41 bis 43 und 47 die gleichen Werte ausgewiesen.
Niedersachsen;48;Hildesheim;20;1208,3;268,3;241,0;10,2;222,1;-6,6;19,6;16,1;7,7;11,9;32,4;19,8;12,0;15,9;84,1;1,6;541,5;96,0;52,0;612,4;5,5;32,3;5,9;3,9;9,8;7,1;11,6;46,9;34,3;36,3;91,8;23034;30397;352,3;0,4;28,1;19,6;14,7;37,2;79,6;25,5;44,5;7,0;7,6;6,3;5,9;6,7;
Niedersachsen;49;Salzgitter – Wolfenbüttel;36;1238,4;264,9;230,9;12,9;213,9;-6,8;14,7;17,2;7,0;11,1;32,7;19,9;12,1;15,6;84,4;2,1;539,4;94,4;50,9;602,9;5,1;26,7;4,4;3,0;8,5;7,0;15,9;48,6;28,5;30,0;86,2;22911;34913;337,5;0,7;41,2;18,0;11,2;29,0;91,1;28,4;49,7;7,1;7,3;6,9;7,5;6,5;
Niedersachsen;50;Braunschweig;1;192,7;253,5;221,6;12,6;1315,7;-4,3;15,9;15,0;8,4;16,5;32,4;16,5;11,2;47,2;52,8;2,2;559,4;80,2;44,9;582,3;9,7;35,0;4,6;4,7;9,2;6,5;8,6;35,6;49,4;40,6;95,4;24203;82448;535,5;0,1;20,6;18,6;32,3;28,5;73,1;23,2;38,7;5,8;5,9;5,7;4,3;6,3;
Niedersachsen;51;Helmstedt – Wolfsburg;37;1165,2;246,9;214,1;13,3;211,9;-5,0;20,1;17,7;6,4;11,9;33,8;18,9;11,3;16,1;83,9;3,5;534,9;95,4;51,1;806,5;9,7;22,5;3,8;2,6;9,7;3,8;12,5;45,4;38,4;38,5;89,2;25693;92008;608,7;0,4;53,3;12,2;16,4;17,7;73,5;27,2;48,3;6,0;6,0;6,0;7,0;5,3;
Niedersachsen;52;Goslar – Northeim – Göttingen II;20;2125,5;237,0;213,6;9,9;111,5;-10,6;18,8;14,8;6,7;10,7;31,9;22,1;13,7;11,5;88,5;0,9;604,9;93,2;56,4;658,3;5,7;34,1;5,7;3,6;8,4;6,3;13,4;48,8;31,6;38,1;92,7;23255;31324;365,8;2,5;29,5;21,3;13,1;33,7;75,6;25,2;40,0;6,4;6,9;6,0;6,2;6,3;
Niedersachsen;53;Göttingen I;32;1265,2;287,8;253,5;11,9;227,5;-4,7;20,2;15,7;8,8;14,1;31,2;19,0;11,2;15,5;84,5;2,4;545,9;88,4;48,2;566,9;6,1;34,2;5,2;4,3;8,2;6,3;12,4;39,1;42,3;39,9;89,7;22638;38939;407,4;0,5;22,1;19,4;19,2;38,8;66,6;24,3;42,6;6,7;7,2;6,3;5,5;7,2;
Niedersachsen;903;Land insgesamt;941;47709,9;8008,1;7091,5;11,4;167,9;-4,7;18,7;17,1;7,4;12,2;33,0;19,1;11,2;14,7;85,3;3,6;518,2;99,3;51,5;619,0;6,1;35,7;5,8;4,1;9,4;6,7;14,0;46,8;32,5;36,1;91,1;23375;39390;390,5;1,4;28,6;22,5;17,5;30,1;69,6;26,5;45,4;5,8;6,0;5,5;5,2;5,8;
Bremen;54;Bremen I;1;154,5;364,4;290,7;20,2;2358,4;-2,4;13,7;17,0;8,1;14,8;32,7;16,6;10,8;59,6;40,4;2,4;520,2;78,8;41,0;425,0;6,7;39,6;4,4;2,3;9,2;8,7;21,7;32,5;37,1;32,8;86,7;23416;54826;511,0;0,1;21,4;26,1;25,1;27,4;136,9;28,2;51,8;10,4;10,6;10,1;8,3;10,0;
Bremen;55;Bremen II – Bremerhaven;1;265,1;338,2;255,4;24,5;1275,9;-3,0;17,1;17,6;8,2;14,1;32,1;17,3;10,7;55,1;44,9;2,3;530,8;77,9;41,3;431,1;6,6;36,9;4,4;2,5;10,2;10,3;23,7;30,1;35,9;29,5;84,0;22005;48576;469,1;0,1;21,2;25,1;23,6;30,1;151,6;27,9;48,0;11,7;11,8;11,5;9,2;11,3;Spalte 1: Ohne den im Wahlkreis 55 enthaltenen Teil der Stadt Bremen.
Bremen;904;Land insgesamt;2;419,6;702,7;546,1;22,3;1674,5;-2,7;15,3;17,3;8,2;14,5;32,4;16,9;10,8;56,8;43,2;2,3;525,3;78,4;41,2;427,9;6,6;38,3;4,4;2,4;9,7;9,5;22,7;31,3;36,4;31,2;85,4;22738;51822;490,8;0,1;21,3;25,6;24,4;28,6;144,0;28,0;49,9;11,0;11,2;10,8;8,7;10,6;
Brandenburg;56;Prignitz – Ostprignitz-Ruppin – Havelland I;66;5673,6;210,7;197,7;6,2;37,1;-9,9;20,5;15,3;5,5;8,1;33,6;24,9;12,6;7,1;92,9;3,4;567,4;83,7;47,5;597,7;4,3;37,1;9,7;2,0;8,2;10,3;16,2;40,4;33,1;57,8;96,4;21938;29288;342,5;4,1;27,0;21,2;10,4;37,4;67,3;21,5;29,5;7,1;7,8;6,4;8,6;6,9;
Brandenburg;57;Uckermark – Barnim I;51;4251,6;221,7;208,4;6,0;52,1;-10,1;17,2;15,6;5,4;7,8;33,4;24,6;13,3;7,4;92,6;3,3;565,0;82,4;46,5;578,9;5,1;34,9;8,6;1,4;8,5;9,6;12,6;43,9;33,9;60,1;96,0;22137;30331;306,1;3,1;24,2;23,1;12,1;37,5;78,5;21,2;25,2;8,3;8,7;8,0;10,1;8,2;
Brandenburg;58;Oberhavel – Havelland II;25;2206,2;314,3;297,1;5,5;142,5;-6,4;21,4;17,1;6,1;8,1;36,5;21,0;11,2;12,3;87,7;5,4;489,5;91,3;44,7;579,8;6,1;35,7;8,7;1,6;8,2;5,4;13,8;36,3;44,5;60,3;96,9;23670;27880;274,6;1,7;28,2;27,4;11,9;30,8;48,9;22,8;31,9;5,5;5,9;5,0;7,1;5,2;
Brandenburg;59;Märkisch-Oderland – Barnim II;49;2463,7;286,6;272,5;4,9;116,4;-7,4;22,3;17,0;5,2;7,3;35,9;23,1;11,4;12,6;87,4;5,8;508,2;89,7;45,6;601,8;5,7;38,7;10,4;1,3;7,6;6,5;14,4;46,6;32,6;62,9;97,9;23096;23723;271,4;2,1;21,7;24,9;14,7;36,6;51,2;22,5;28,9;5,5;5,9;5,0;7,4;5,5;
Brandenburg;60;Brandenburg an der Havel – Potsdam-Mittelmark I – Havelland III – Teltow-Fläming I;38;3266,7;254,4;236,5;7,0;77,9;-9,6;25,1;16,1;5,4;8,3;34,1;23,0;13,0;9,3;90,7;4,9;544,6;82,8;45,1;564,4;6,2;37,8;8,6;1,5;7,6;6,1;12,4;37,9;43,6;63,6;97,1;23628;29908;330,1;1,7;22,8;25,8;16,7;33,0;58,0;23,4;34,1;6,1;6,7;5,5;7,0;5,6;
Brandenburg;61;Potsdam – Potsdam-Mittelmark II – Teltow-Fläming II;8;556,2;309,8;279,3;9,8;556,9;-3,9;17,2;17,8;7,3;11,1;35,6;17,6;10,5;25,3;74,7;5,9;516,7;81,5;42,1;494,1;6,6;41,7;7,1;1,9;9,8;5,3;9,2;30,0;55,6;64,1;99,9;23787;39254;409,1;0,8;12,4;19,5;27,9;39,3;56,3;24,2;44,6;5,3;5,8;4,7;5,1;5,1;
Brandenburg;62;Dahme-Spreewald – Teltow-Fläming III;50;3886,5;306,9;285,1;7,1;79,0;-6,3;25,5;17,0;5,7;8,9;36,0;21,0;11,4;10,6;89,4;7,3;515,1;88,7;45,7;614,6;6,2;41,2;9,4;1,0;7,8;6,0;12,0;43,1;39,0;55,6;91,7;23101;36394;375,9;2,6;24,7;35,0;14,5;23,2;44,6;24,1;33,7;4,2;4,6;3,8;3,5;4,4;
Brandenburg;63;Frankfurt (Oder) – Oder-Spree;38;2404,6;237,6;215,7;9,2;98,8;-9,8;28,8;15,7;5,9;8,3;33,2;23,7;13,3;10,9;89,1;3,9;557,5;81,2;45,2;580,4;5,1;35,2;8,8;2,2;8,8;8,5;11,5;43,3;36,7;64,6;94,2;22589;32690;408,1;1,3;30,2;19,2;15,1;34,1;70,7;23,4;37,1;6,9;7,3;6,4;7,6;6,5;
Brandenburg;64;Cottbus – Spree-Neiße;30;1822,6;205,4;189,3;7,8;112,7;-10,0;18,2;15,0;5,7;8,7;32,4;24,4;13,7;14,8;85,2;2,7;601,5;78,3;47,1;583,8;4,6;36,0;9,5;1,7;7,8;8,5;15,8;37,0;38,7;63,5;99,1;22342;39681;408,8;1,5;23,6;20,1;16,9;37,9;80,4;22,6;37,9;6,7;7,1;6,3;5,6;6,3;
Brandenburg;65;Elbe-Elster – Oberspreewald-Lausitz;58;3122,6;207,2;197,5;4,7;66,3;-11,1;18,0;14,8;4,9;7,0;33,5;25,3;14,5;11,6;88,4;1,2;593,1;80,8;47,9;622,6;4,0;34,1;9,9;1,2;7,9;10,0;17,2;43,0;29,8;65,1;96,3;22050;28251;348,5;3,1;32,0;20,8;12,5;31,6;67,4;21,3;27,5;6,7;7,1;6,2;6,5;7,0;
Brandenburg;912;Land insgesamt;413;29654,4;2554,5;2379,0;6,9;86,1;-8,1;21,6;16,3;5,8;8,5;34,6;22,5;12,3;10,3;89,7;4,6;540,2;84,3;45,5;579,8;5,5;37,5;9,0;1,6;8,2;7,3;13,1;39,6;39,9;61,5;96,5;22928;31787;345,8;2,1;24,1;23,9;16,0;33,9;60,6;22,7;33,2;6,1;6,5;5,6;6,7;5,9;
Sachsen-Anhalt;66;Altmark – Jerichower Land;46;6330,0;276,3;262,2;5,1;43,6;-10,4;18,4;15,6;5,3;7,8;33,9;24,9;12,5;7,9;92,1;1,2;594,9;87,4;52,0;612,5;4,0;33,0;8,8;1,8;8,2;13,1;11,3;49,6;26,0;63,4;95,5;22169;28889;322,6;4,2;29,8;20,2;10,5;35,2;77,9;21,2;26,6;7,7;8,3;7,1;9,7;7,4;
Sachsen-Anhalt;67;Börde – Salzlandkreis;49;3184,2;263,3;250,8;4,7;82,7;-10,2;15,9;15,8;5,2;7,9;34,8;24,1;12,2;11,6;88,4;1,9;586,1;85,7;50,2;614,5;4,1;29,3;7,8;1,3;8,6;9,0;11,1;53,9;26,0;67,5;95,2;22295;31263;358,2;2,3;33,0;27,4;9,8;27,6;64,4;19,9;23,9;6,2;6,6;5,6;6,6;6,6;
Sachsen-Anhalt;68;Harz;22;2346,3;240,6;229,0;4,8;102,5;-12,9;19,7;14,3;5,7;7,8;33,1;24,7;14,4;10,7;89,3;1,5;627,7;79,7;50,1;594,8;4,7;33,3;7,7;1,9;8,4;9,7;10,3;51,9;28,1;65,0;95,7;22063;26378;345,9;1,7;31,3;21,9;10,5;34,6;67,6;18,5;20,2;5,7;6,1;5,2;6,5;5,6;
Sachsen-Anhalt;69;Magdeburg;5;592,0;296,7;262,5;11,5;501,1;-8,1;19,9;15,5;8,1;12,5;31,2;19,5;13,2;25,4;74,6;3,5;607,1;71,0;43,1;481,5;5,5;32,4;5,7;2,5;8,4;12,4;8,8;48,3;30,5;61,8;96,2;20993;36349;436,7;0,2;16,3;19,8;25,1;38,6;96,9;22,0;34,5;8,5;8,8;8,2;8,1;9,0;
Sachsen-Anhalt;70;Anhalt – Dessau – Wittenberg;14;2982,9;276,8;258,2;6,7;92,8;-11,9;22,0;14,5;5,2;7,9;32,5;24,7;15,1;10,8;89,2;2,0;627,8;79,2;49,7;595,1;4,8;33,5;8,1;1,9;7,9;11,8;12,0;49,9;26,3;63,5;95,7;22305;31134;376,7;2,1;33,0;20,0;13,7;31,2;78,2;22,9;29,8;7,4;7,9;6,9;7,9;7,6;
Sachsen-Anhalt;71;Halle;6;612,6;283,8;252,6;11,0;463,3;-6,6;20,8;16,1;8,7;12,2;31,8;18,6;12,6;24,7;75,3;2,1;624,1;70,6;44,1;458,6;5,8;29,4;5,1;1,6;8,5;12,1;11,4;42,6;33,8;57,5;93,6;20351;34815;427,9;0,3;15,4;20,3;24,1;39,9;111,9;26,0;42,0;8,8;9,5;8,0;8,1;8,5;
Sachsen-Anhalt;72;Burgenland – Saalekreis;38;1773,0;256,3;234,4;8,5;144,6;-11,6;19,1;15,7;5,6;8,2;33,5;23,3;13,7;17,1;82,9;1,1;600,1;77,8;46,7;600,9;4,6;31,5;8,3;1,4;8,2;10,8;10,5;52,1;26,6;62,7;92,9;22104;31184;356,3;1,8;33,4;24,5;12,9;27,4;78,1;22,3;34,0;6,9;7,2;6,6;8,3;6,6;
Sachsen-Anhalt;73;Mansfeld;38;2733,8;250,9;241,7;3,7;91,8;-11,4;11,0;14,6;5,2;7,0;33,6;25,6;14,1;12,0;88,0;1,6;596,9;82,8;49,4;615,7;4,7;31,6;8,2;1,6;7,8;12,5;12,3;53,5;21,7;63,7;93,9;21850;29878;342,3;2,0;32,3;23,9;12,0;29,8;81,5;22,4;23,8;8,4;8,9;7,9;9,7;9,0;
Sachsen-Anhalt;915;Land insgesamt;218;20554,8;2144,6;1991,3;7,1;104,3;-10,3;18,5;15,3;6,2;9,0;33,0;23,1;13,4;11,6;88,4;1,9;608,2;79,0;48,1;569,0;4,7;31,7;7,4;1,8;8,3;11,5;10,9;50,0;27,6;62,9;94,8;21741;31381;372,6;1,7;27,1;22,0;15,7;33,5;82,7;22,3;30,7;7,5;8,0;7,0;8,1;7,5;
Berlin;74;Berlin-Mitte;1;39,4;310,7;240,1;22,7;7886,1;3,2;53,9;16,8;7,3;16,3;34,5;15,4;9,7;96,4;3,6;6,2;671,1;65,2;43,7;339,7;9,0;86,4;4,8;1,7;8,3;9,2;12,9;33,8;44,1;66,5;121,2;22658;45074;458,7;0,0;12,5;20,4;33,3;33,7;128,2;25,7;45,1;9,7;10,0;9,3;9,1;9,1;Die Stadt Berlin bildet mehrere Wahlkreise. In den Spalten 1, 7 bis 14 und 17 bis 48 sind die Werte für Berlin insgesamt ausgewiesen.
Berlin;75;Berlin-Pankow;1;96,7;355,0;273,7;22,9;3671,0;-0,5;24,0;16,8;7,3;16,3;34,5;15,4;9,7;67,3;32,7;3,1;568,6;72,3;41,1;339,7;9,0;61,1;4,8;1,7;7,6;6,7;12,0;32,9;48,3;52,4;95,0;22658;45074;458,7;0,0;12,5;20,4;33,3;33,7;128,2;25,7;45,1;9,7;10,0;9,3;9,1;9,1;Die Stadt Berlin bildet mehrere Wahlkreise. In den Spalten 1, 7 bis 14 und 17 bis 48 sind die Werte für Berlin insgesamt ausgewiesen.
Berlin;76;Berlin-Reinickendorf;1;89,3;261,1;203,5;22,1;2922,7;-4,1;37,3;16,8;7,3;16,3;34,5;15,4;9,7;66,9;33,1;1,9;515,8;76,3;39,4;339,7;9,0;36,1;4,8;1,7;10,4;8,1;13,0;35,6;43,3;35,5;80,9;22658;45074;458,7;0,0;12,5;20,4;33,3;33,7;128,2;25,7;45,1;9,7;10,0;9,3;9,1;9,1;Die Stadt Berlin bildet mehrere Wahlkreise. In den Spalten 1, 7 bis 14 und 17 bis 48 sind die Werte für Berlin insgesamt ausgewiesen.
Berlin;77;Berlin-Spandau – Charlottenburg Nord;1;99,5;267,5;208,0;22,3;2689,5;-0,5;24,0;16,8;7,3;16,3;34,5;15,4;9,7;64,0;36,0;3,1;568,6;72,3;41,1;339,7;9,0;61,1;4,8;1,7;7,6;6,7;12,0;33,0;48,3;52,4;95,0;22658;45074;458,7;0,0;12,5;20,4;33,3;33,7;128,2;25,7;45,1;9,7;10,0;9,3;9,1;9,1;Die Stadt Berlin bildet mehrere Wahlkreise. In den Spalten 1, 7 bis 14 und 17 bis 48 sind die Werte für Berlin insgesamt ausgewiesen.
Berlin;78;Berlin-Steglitz-Zehlendorf;1;102,6;319,0;251,7;21,1;3109,9;-5,2;12,3;16,8;7,3;16,3;34,5;15,4;9,7;64,7;35,3;1,1;502,1;84,3;42,3;339,7;9,0;43,7;4,8;1,7;10,3;2,7;6,9;31,6;58,8;40,5;77,2;22658;45074;458,7;0,0;12,5;20,4;33,3;33,7;128,2;25,7;45,1;9,7;10,0;9,3;9,1;9,1;Die Stadt Berlin bildet mehrere Wahlkreise. In den Spalten 1, 7 bis 14 und 17 bis 48 sind die Werte für Berlin insgesamt ausgewiesen.
Berlin;79;Berlin-Charlottenburg-Wilmersdorf;1;57,1;283,6;228,8;19,3;4966,1;-0,5;24,0;16,8;7,3;16,3;34,5;15,4;9,7;70,3;29,7;3,1;568,6;72,3;41,1;339,7;9,0;61,1;4,8;1,7;7,6;6,7;12,0;33,0;48,3;52,4;95,0;22658;45074;458,7;0,0;12,5;20,4;33,3;33,7;128,2;25,7;45,1;9,7;10,0;9,3;9,1;9,1;Die Stadt Berlin bildet mehrere Wahlkreise. In den Spalten 1, 7 bis 14 und 17 bis 48 sind die Werte für Berlin insgesamt ausgewiesen.
Berlin;80;Berlin-Tempelhof-Schöneberg;1;53,1;342,7;269,0;21,5;6460,7;-1,3;17,2;16,8;7,3;16,3;34,5;15,4;9,7;97,1;2,9;2,5;545,0;73,8;40,2;339,7;9,0;52,3;4,8;1,7;7,5;5,4;8,6;38,4;47,5;50,7;91,0;22658;45074;458,7;0,0;12,5;20,4;33,3;33,7;128,2;25,7;45,1;9,7;10,0;9,3;9,1;9,1;Die Stadt Berlin bildet mehrere Wahlkreise. In den Spalten 1, 7 bis 14 und 17 bis 48 sind die Werte für Berlin insgesamt ausgewiesen.
Berlin;81;Berlin-Neukölln;1;44,9;296,0;226,8;23,4;6588,7;-0,6;14,2;16,8;7,3;16,3;34,5;15,4;9,7;97,2;2,8;2,6;566,0;69,0;39,1;339,7;9,0;41,5;4,8;1,7;8,4;10,4;17,9;36,7;35,0;45,1;94,6;22658;45074;458,7;0,0;12,5;20,4;33,3;33,7;128,2;25,7;45,1;9,7;10,0;9,3;9,1;9,1;Die Stadt Berlin bildet mehrere Wahlkreise. In den Spalten 1, 7 bis 14 und 17 bis 48 sind die Werte für Berlin insgesamt ausgewiesen.
Berlin;82;Berlin-Friedrichshain-Kreuzberg – Prenzlauer Berg Ost;1;26,9;328,0;254,3;22,5;12189,6;-0,5;24,0;16,8;7,3;16,3;34,5;15,4;9,7;87,1;12,9;3,1;568,6;72,3;41,1;339,7;9,0;61,1;4,8;1,7;7,6;6,7;12,0;32,9;48,3;52,4;95,0;22658;45074;458,7;0,0;12,5;20,4;33,3;33,7;128,2;25,7;45,1;9,7;10,0;9,3;9,1;9,1;Die Stadt Berlin bildet mehrere Wahlkreise. In den Spalten 1, 7 bis 14 und 17 bis 48 sind die Werte für Berlin insgesamt ausgewiesen.
Berlin;83;Berlin-Treptow-Köpenick;1;167,7;307,1;243,0;20,9;1830,6;-2,9;14,5;16,8;7,3;16,3;34,5;15,4;9,7;44,8;55,2;7,1;510,5;71,4;36,5;339,7;9,0;35,0;4,8;1,7;6,7;5,3;10,4;37,9;46,4;45,9;84,3;22658;45074;458,7;0,0;12,5;20,4;33,3;33,7;128,2;25,7;45,1;9,7;10,0;9,3;9,1;9,1;Die Stadt Berlin bildet mehrere Wahlkreise. In den Spalten 1, 7 bis 14 und 17 bis 48 sind die Werte für Berlin insgesamt ausgewiesen.
Berlin;84;Berlin-Marzahn-Hellersdorf;1;61,8;297,0;232,0;21,9;4803,7;-1,4;12,4;16,8;7,3;16,3;34,5;15,4;9,7;94,1;5,9;7,0;498,6;71,1;35,4;339,7;9,0;23,8;4,8;1,7;6,5;8,9;17,4;37,3;36,4;46,4;90,1;22658;45074;458,7;0,0;12,5;20,4;33,3;33,7;128,2;25,7;45,1;9,7;10,0;9,3;9,1;9,1;Die Stadt Berlin bildet mehrere Wahlkreise. In den Spalten 1, 7 bis 14 und 17 bis 48 sind die Werte für Berlin insgesamt ausgewiesen.
Berlin;85;Berlin-Lichtenberg;1;52,1;294,7;231,2;21,6;5654,9;-0,3;14,4;16,8;7,3;16,3;34,5;15,4;9,7;85,1;14,9;11,6;563,6;64,9;36,6;339,7;9,0;26,3;4,8;1,7;7,7;8,3;12,1;43,9;35,7;57,4;103,9;22658;45074;458,7;0,0;12,5;20,4;33,3;33,7;128,2;25,7;45,1;9,7;10,0;9,3;9,1;9,1;Die Stadt Berlin bildet mehrere Wahlkreise. In den Spalten 1, 7 bis 14 und 17 bis 48 sind die Werte für Berlin insgesamt ausgewiesen.
Berlin;911;Land insgesamt;1;891,1;3662,4;2861,9;21,9;4109,9;-1,2;22,5;16,8;7,3;16,3;34,5;15,4;9,7;70,6;29,4;4,4;554,4;71,9;39,8;339,7;9,0;49,5;4,8;1,7;8,0;7,0;12,1;35,4;45,5;50,0;93,7;22658;45074;458,7;0,0;12,5;20,4;33,3;33,7;128,2;25,7;45,1;9,7;10,0;9,3;9,1;9,1;
Nordrhein-Westfalen;86;Aachen I;1;160,9;263,8;204,1;22,6;1639,8;-2,3;14,7;13,9;14,2;19,9;27,5;15,1;9,4;40,1;59,9;0,8;531,1;73,8;39,2;520,4;7,4;40,3;6,7;2,9;9,2;7,3;15,5;33,8;43,4;34,8;91,9;22076;40647;388,2;0,2;20,7;19,9;23,2;36,0;85,3;25,0;43,9;7,3;7,5;7,0;4,8;7,9;Die Werte in den Spalten 21 bis 48 gelten für die komplette Städteregion Aachen, daher sind in den Wahlkreisen 86 und 87 die gleichen Werte ausgewiesen.
Nordrhein-Westfalen;87;Aachen II;9;546,1;318,7;274,2;14,0;583,6;-4,3;13,6;17,3;7,0;11,5;33,2;20,0;11,0;24,4;75,6;3,4;482,0;92,2;44,4;520,4;7,4;40,3;6,7;2,9;9,1;7,3;15,5;33,8;43,4;34,8;91,9;22076;40647;388,2;0,2;20,7;19,9;23,2;36,0;85,3;25,0;43,9;7,3;7,5;7,0;4,8;7,9;Die Werte in den Spalten 21 bis 48 gelten für die komplette Städteregion Aachen, daher sind in den Wahlkreisen 86 und 87 die gleichen Werte ausgewiesen.
Nordrhein-Westfalen;88;Heinsberg;10;627,9;262,1;227,4;13,3;417,5;-4,0;17,3;17,2;6,8;11,6;33,8;20,4;10,2;26,3;73,7;5,6;484,9;103,8;50,3;643,5;6,1;38,6;7,9;2,1;10,1;5,3;15,9;41,3;37,5;29,9;90,0;22287;27889;297,9;0,9;28,6;23,8;14,4;32,4;64,8;25,4;39,1;6,1;6,4;5,8;5,9;6,0;
Nordrhein-Westfalen;89;Düren;15;941,5;278,5;241,0;13,4;295,8;-4,1;19,1;17,5;7,2;12,3;32,9;19,8;10,2;21,3;78,7;4,3;469,2;99,4;46,7;608,2;6,5;35,9;7,1;2,7;8,9;7,4;16,9;36,6;39,0;33,3;86,4;22857;31859;322,1;0,8;28,6;17,5;22,9;30,1;81,3;27,0;42,3;7,4;7,6;7,1;7,5;6,8;
Nordrhein-Westfalen;90;Rhein-Erft-Kreis I;7;525,3;344,8;292,3;15,2;656,4;-3,0;15,9;18,1;7,0;11,6;34,2;18,6;10,5;34,1;65,9;3,1;478,9;95,7;45,9;610,5;7,0;38,8;6,1;2,1;9,8;5,2;13,9;43,6;37,2;32,7;90,3;24503;37750;313,0;0,5;25,5;28,7;19,1;26,2;71,0;27,3;47,3;6,1;6,3;6,0;4,9;6,6;
Nordrhein-Westfalen;91;Euskirchen – Rhein-Erft-Kreis II;14;1428,1;333,4;294,2;11,8;233,5;-4,2;16,8;17,2;6,8;11,2;33,6;20,2;10,9;16,0;84,0;4,6;488,0;100,6;49,1;718,4;11,0;39,3;7,5;1,9;10,2;6,6;14,5;39,9;39,0;30,2;90,2;23761;32986;301,6;0,7;26,7;26,9;15,0;30,6;62,1;26,9;45,0;5,9;6,1;5,7;5,0;6,2;
Nordrhein-Westfalen;92;Köln I;1;128,3;281,2;214,9;23,6;2190,7;-1,2;11,0;16,2;8,0;17,2;34,6;14,9;9,0;60,5;39,5;3,4;558,7;74,7;41,7;485,7;9,8;52,4;5,2;2,7;9,3;4,8;14,6;38,6;42,0;37,5;96,4;24513;61845;599,0;0,0;13,1;22,5;37,4;26,9;112,4;25,7;47,4;8,9;9,2;8,5;5,9;10,7;Die Stadt Köln bildet mehrere Wahlkreise. In den Spalten 1 und 7 bis 48 sind die Werte für Köln insgesamt ausgewiesen.
Nordrhein-Westfalen;93;Köln II;1;101,5;309,2;265,8;14,0;3045,5;-1,2;11,0;16,2;8,0;17,2;34,6;14,9;9,0;60,5;39,5;3,4;558,7;74,7;41,7;485,7;9,8;52,4;5,2;2,7;9,3;4,8;14,6;38,6;42,0;37,5;96,4;24513;61845;599,0;0,0;13,1;22,5;37,4;26,9;112,4;25,7;47,4;8,9;9,2;8,5;5,9;10,7;Die Stadt Köln bildet mehrere Wahlkreise. In den Spalten 1 und 7 bis 48 sind die Werte für Köln insgesamt ausgewiesen.
Nordrhein-Westfalen;94;Köln III;1;122,9;292,8;235,5;19,5;2381,5;-1,2;11,0;16,2;8,0;17,2;34,6;14,9;9,0;60,5;39,5;3,4;558,7;74,7;41,7;485,7;9,8;52,4;5,2;2,7;9,3;4,8;14,6;38,6;42,0;37,5;96,4;24513;61845;599,0;0,0;13,1;22,5;37,4;26,9;112,4;25,7;47,4;8,9;9,2;8,5;5,9;10,7;Die Stadt Köln bildet mehrere Wahlkreise. In den Spalten 1 und 7 bis 48 sind die Werte für Köln insgesamt ausgewiesen.
Nordrhein-Westfalen;95;Bonn;1;141,1;321,7;260,7;19,0;2280,4;-1,5;14,5;17,1;9,5;16,1;32,3;15,5;9,5;52,4;47,6;2,4;553,4;79,9;44,2;546,1;10,1;42,9;4,3;3,3;11,9;4,0;12,3;32,5;51,1;39,2;94,9;24605;81997;599,4;0,1;6,9;14,7;32,9;45,5;91,5;27,1;46,7;7,0;7,4;6,7;4,5;7,8;
Nordrhein-Westfalen;96;Rhein-Sieg-Kreis I;10;660,7;320,4;282,2;11,9;485,0;-2,9;16,3;18,0;7,0;11,5;33,9;19,1;10,5;23,8;76,2;2,9;475,3;100,2;47,6;622,1;6,2;40,1;6,8;1,6;9,8;4,1;15,2;37,3;43,4;32,4;89,2;25615;29936;281,1;0,9;25,5;24,6;17,8;31,2;61,0;27,2;47,7;5,6;6,0;5,1;4,4;5,6;Die Werte in den Spalten 21 bis 48 gelten für den kompletten Rhein-Sieg-Kreis, daher sind in den Wahlkreisen 96 und 97 die gleichen Werte ausgewiesen.
Nordrhein-Westfalen;97;Rhein-Sieg-Kreis II;9;492,5;284,8;251,4;11,8;578,4;-3,7;15,4;17,6;7,1;10,5;33,2;19,7;12,0;25,8;74,2;2,7;486,1;103,1;50,1;622,1;6,2;40,1;6,8;1,6;9,6;4,1;15,2;37,3;43,4;32,4;89,2;25615;29936;281,1;0,9;25,5;24,6;17,8;31,2;61,0;27,2;47,7;5,6;6,0;5,1;4,4;5,6;Die Werte in den Spalten 21 bis 48 gelten für den kompletten Rhein-Sieg-Kreis, daher sind in den Wahlkreisen 96 und 97 die gleichen Werte ausgewiesen.
Nordrhein-Westfalen;98;Oberbergischer Kreis;13;918,8;274,0;243,8;11,0;298,2;-4,8;18,2;18,1;7,0;11,3;33,0;19,9;10,6;20,3;79,7;2,1;486,7;98,8;48,1;671,6;6,4;39,3;7,3;2,5;11,5;4,7;15,0;44,3;36,1;26,3;85,9;24481;37876;394,5;0,4;39,5;17,3;17,9;24,9;58,0;26,4;49,4;5,5;5,7;5,2;4,9;5,6;
Nordrhein-Westfalen;99;Rheinisch-Bergischer Kreis;8;437,3;283,6;252,6;10,9;648,5;-5,4;14,4;17,1;6,5;10,0;34,0;19,9;12,5;25,9;74,1;3,5;508,7;98,9;50,3;652,9;7,7;45,9;8,1;2,1;9,5;4,6;12,5;38,3;44,6;34,7;91,1;27984;29024;271,8;0,5;23,7;21,9;20,1;33,9;65,6;26,1;50,2;6,0;6,3;5,5;5,3;6,3;
Nordrhein-Westfalen;100;Leverkusen – Köln IV;1;131,1;309,1;245,7;20,5;2358,3;-2,4;13,1;17,0;7,5;14,7;34,1;16,4;10,3;58,8;41,2;2,2;526,6;78,7;41,4;521,1;8,8;43,4;5,4;3,4;10,4;5,7;13,9;38,1;42,4;32,0;92,3;24000;56356;488,7;0,0;19,8;20,8;31,6;27,7;106,9;27,1;48,0;8,1;8,4;7,8;5,3;8,9;Spalte 1: Ohne den Kölner Stadtbezirk Mülheim.
Nordrhein-Westfalen;101;Wuppertal I;1;130,8;316,5;240,6;24,0;2419,9;-4,1;15,9;17,8;8,1;13,6;32,5;17,4;10,6;50,8;49,2;0,9;540,7;78,0;42,2;502,4;6,7;38,4;6,3;3,4;10,1;6,6;14,9;40,6;37,9;24,0;84,1;22131;38056;366,6;0,0;23,5;20,8;22,2;33,4;131,9;28,1;52,8;9,1;9,4;8,8;8,3;8,9;
Nordrhein-Westfalen;102;Solingen – Remscheid – Wuppertal II;2;201,7;322,2;266,5;17,3;1597,9;-4,5;14,0;17,5;7,2;12,4;33,5;18,3;11,1;47,2;52,8;1,2;517,8;81,1;42,0;556,9;7,0;40,9;7,2;2,8;10,5;6,9;15,3;40,8;37,0;28,4;84,8;23848;36342;358,7;0,1;36,3;18,7;16,1;28,8;102,2;28,0;49,2;8,2;8,4;8,0;7,8;7,6;Spalte 1: Ohne den im Wahlkreis 102 enthaltenen Teil der Stadt Wuppertal.
Nordrhein-Westfalen;103;Mettmann I;6;183,8;271,5;234,4;13,6;1477,1;-5,8;17,2;17,4;6,3;10,7;33,4;19,5;12,7;45,5;54,5;2,7;512,1;88,8;45,5;618,5;7,9;46,3;6,9;2,2;9,6;5,5;13,1;40,1;41,2;34,2;93,1;27075;44055;404,6;0,2;27,5;27,6;22,5;22,1;83,7;28,3;50,2;6,9;7,4;6,5;5,5;7,3;Die Werte in den Spalten 21 bis 48 gelten für den kompletten Kreis Mettmann, daher sind in den Wahlkreisen 103 und 104 die gleichen Werte ausgewiesen.
Nordrhein-Westfalen;104;Mettmann II;4;223,4;218,3;183,8;15,8;977,1;-6,2;16,3;17,3;6,6;10,6;33,7;19,2;12,5;36,1;63,9;2,0;514,5;87,7;45,1;618,5;7,9;46,3;6,9;2,2;9,7;5,5;13,1;40,1;41,2;34,2;93,1;27075;44055;404,6;0,2;27,5;27,6;22,5;22,1;83,7;28,3;50,2;6,9;7,4;6,5;5,5;7,3;Die Werte in den Spalten 21 bis 48 gelten für den kompletten Kreis Mettmann, daher sind in den Wahlkreisen 103 und 104 die gleichen Werte ausgewiesen.
Nordrhein-Westfalen;105;Düsseldorf I;1;129,6;330,9;253,7;23,3;2552,5;-2,0;16,4;16,2;7,1;16,5;34,6;15,6;10,0;61,7;38,3;3,3;577,4;74,0;42,7;526,5;10,4;61,5;6,3;3,4;8,8;4,4;14,3;39,2;42,2;37,3;97,1;27851;87338;737,5;0,1;11,1;22,1;41,1;25,5;86,7;24,8;49,9;7,6;7,9;7,3;5,4;9,4;Die Stadt Düsseldorf bildet mehrere Wahlkreise. In den Spalten 1 und 7 bis 48 sind die Werte für Düsseldorf insgesamt ausgewiesen.
Nordrhein-Westfalen;106;Düsseldorf II;1;87,8;285,5;217,1;24,0;3251,7;-2,0;16,4;16,2;7,1;16,5;34,6;15,6;10,0;61,7;38,3;3,3;577,4;74,0;42,7;526,5;10,4;61,5;6,3;3,4;8,8;4,4;14,3;39,2;42,2;37,3;97,1;27851;87338;737,5;0,1;11,1;22,1;41,1;25,5;86,7;24,8;49,9;7,6;7,9;7,3;5,4;9,4;Die Stadt Düsseldorf bildet mehrere Wahlkreise. In den Spalten 1 und 7 bis 48 sind die Werte für Düsseldorf insgesamt ausgewiesen.
Nordrhein-Westfalen;107;Neuss I;4;347,6;298,5;250,5;16,1;858,7;-4,5;12,8;17,8;7,1;11,5;34,3;18,7;10,7;34,0;66,0;2,7;483,9;90,5;43,8;614,3;7,3;41,9;6,6;1,6;9,9;4,6;13,3;33,0;49,1;36,7;92,8;26768;42040;353,0;1,0;25,5;28,6;17,9;27,0;69,5;26,6;47,8;5,9;6,1;5,8;4,0;6,3;
Nordrhein-Westfalen;108;Mönchengladbach;1;170,5;267,7;213,1;20,4;1570,1;-4,2;32,4;17,5;7,7;13,6;32,7;18,4;10,1;51,3;48,7;2,4;523,5;83,1;43,5;539,4;6,1;39,5;6,8;4,2;10,2;7,8;17,3;36,7;38,1;26,6;84,6;22414;35770;394,0;0,1;20,8;26,9;21,8;30,3;131,8;27,9;41,9;10,2;10,3;10,0;8,6;9,8;
Nordrhein-Westfalen;109;Krefeld I – Neuss II;5;301,3;275,1;234,9;14,6;912,8;-4,8;14,9;17,5;6,4;10,8;34,2;19,2;12,0;42,6;57,4;1,6;506,3;92,8;47,0;580,5;7,0;41,6;6,5;2,3;10,1;6,5;15,3;34,4;43,9;32,0;91,6;25196;42526;379,7;0,7;26,6;27,2;18,0;27,5;90,8;25,8;47,0;8,0;8,3;7,7;5,9;8,1;
Nordrhein-Westfalen;110;Viersen;9;563,3;297,5;261,8;12,0;528,2;-5,7;13,1;16,4;6,5;11,2;34,1;20,6;11,3;26,8;73,2;1,7;493,3;96,5;47,6;651,7;5,8;45,3;8,2;1,4;9,7;5,6;16,0;33,4;44,9;34,8;93,9;25027;30910;329,4;2,1;27,3;26,6;16,0;28,0;60,9;24,9;40,8;5,8;6,1;5,4;4,3;6,3;
Nordrhein-Westfalen;111;Kleve;16;1233,0;319,9;262,3;18,0;259,5;-4,6;19,1;16,9;7,5;12,6;33,5;19,6;9,9;17,8;82,2;4,7;475,9;101,0;48,1;632,9;5,5;40,3;7,0;2,5;8,7;7,0;15,2;43,3;34,5;33,1;91,9;22366;33685;335,7;4,6;23,7;25,3;15,4;31,1;57,7;24,3;49,6;6,2;6,6;5,8;5,4;6,3;
Nordrhein-Westfalen;112;Wesel I;10;884,0;261,5;236,3;9,6;295,8;-6,0;17,1;16,5;6,4;10,9;33,1;21,5;11,6;18,8;81,2;2,0;488,0;96,4;47,0;646,3;6,4;36,8;6,2;3,0;9,5;6,7;18,9;33,7;40,7;30,4;92,1;23990;31700;315,4;0,8;25,7;25,6;15,8;32,1;76,5;24,9;43,0;7,0;7,3;6,7;6,3;7,3;
Nordrhein-Westfalen;113;Krefeld II – Wesel II;2;176,4;243,1;203,5;16,3;1378,3;-5,1;16,1;16,9;6,7;11,9;33,1;19,9;11,6;49,2;50,8;1,3;519,9;84,6;44,0;593,7;6,5;38,8;6,2;3,1;9,9;7,8;18,3;34,9;39,0;28,1;91,1;23547;37040;362,8;0,6;26,8;25,6;17,0;30,0;96,9;25,1;45,0;8,8;9,2;8,5;7,4;8,8;Spalte 1: Ohne den im Wahlkreis 113 enthaltenen Teil der Stadt Krefeld.
Nordrhein-Westfalen;114;Duisburg I;1;119,1;246,3;194,7;20,9;2067,9;-3,4;18,8;18,1;7,7;13,7;33,1;17,4;10,1;61,0;39,0;1,1;517,2;73,9;38,2;477,1;5,4;28,2;4,4;3,0;9,2;9,2;18,5;36,5;35,8;18,5;76,5;18829;37053;352,3;0,0;24,5;25,5;20,6;29,4;151,3;28,3;51,2;12,7;12,1;13,3;9,4;12,4;Die Stadt Duisburg bildet mehrere Wahlkreise. In den Spalten 1 und 7 bis 48 sind die Werte für Duisburg insgesamt ausgewiesen.
Nordrhein-Westfalen;115;Duisburg II;1;113,7;256,9;190,7;25,8;2258,6;-3,4;18,8;18,1;7,7;13,7;33,1;17,4;10,1;61,0;39,0;1,1;517,2;73,9;38,2;477,1;5,4;28,2;4,4;3,0;9,2;9,2;18,5;36,5;35,8;18,5;76,5;18829;37053;352,3;0,0;24,5;25,5;20,6;29,4;151,3;28,3;51,2;12,7;12,1;13,3;9,4;12,4;Die Stadt Duisburg bildet mehrere Wahlkreise. In den Spalten 1 und 7 bis 48 sind die Werte für Duisburg insgesamt ausgewiesen.
Nordrhein-Westfalen;116;Oberhausen – Wesel III;2;124,8;280,7;235,3;16,2;2250,2;-5,5;15,9;16,8;6,5;12,3;33,3;20,1;10,9;63,2;36,8;0,6;520,0;79,6;41,4;561,4;6,0;32,6;5,9;2,6;9,1;6,2;16,3;38,6;38,9;26,9;88,1;21287;29089;325,7;0,2;24,3;25,1;19,2;31,3;118,8;26,2;44,5;9,9;10,0;9,8;7,9;9,6;
Nordrhein-Westfalen;117;Mülheim – Essen I;1;115,8;253,1;211,8;16,3;2186,1;-4,9;14,7;17,0;6,7;12,8;32,8;18,7;11,9;58,1;41,9;1,2;541,7;80,7;43,7;542,0;7,0;38,1;5,2;2,6;9,8;5,3;12,4;38,1;44,2;34,3;88,5;23943;40130;393,7;0,1;21,6;21,0;28,9;28,3;128,4;28,7;52,2;8,7;8,8;8,7;6,8;8,6;Spalte 1: Ohne den im Wahlkreis 117 enthaltenen Teil der Stadt Essen.
Nordrhein-Westfalen;118;Essen II;1;67,7;244,0;183,4;24,8;3604,0;-4,5;12,5;17,0;7,3;14,3;32,7;17,8;10,9;66,2;33,8;1,4;556,1;75,2;41,8;519,3;7,2;37,4;5,0;3,5;9,9;7,7;14,6;37,1;40,5;32,7;89,2;22157;46673;465,0;0,1;14,7;21,0;32,7;31,5;153,3;28,1;47,8;10,8;10,9;10,7;11,0;9,9;Die Stadt Essen bildet mehrere Wahlkreise. In den Spalten 1 und 7 bis 48 sind die Werte für Essen insgesamt ausgewiesen.
Nordrhein-Westfalen;119;Essen III;1;118,1;249,9;214,9;14,0;2115,1;-4,5;12,5;17,0;7,3;14,3;32,7;17,8;10,9;66,1;33,9;1,4;556,1;75,2;41,8;519,3;7,2;37,4;5,0;3,5;9,9;7,7;14,6;37,1;40,5;32,7;89,2;22157;46673;465,0;0,1;14,7;21,0;32,7;31,5;153,3;28,1;47,8;10,8;10,9;10,7;11,0;9,9;Die Stadt Essen bildet mehrere Wahlkreise. In den Spalten 1 und 7 bis 48 sind die Werte für Essen insgesamt ausgewiesen.
Nordrhein-Westfalen;120;Recklinghausen I;3;165,3;218,4;188,2;13,8;1321,6;-5,6;15,3;16,8;6,8;11,3;32,9;21,0;11,2;47,0;53,0;1,6;540,5;82,8;44,7;583,3;5,8;31,7;5,5;3,2;9,7;8,5;16,3;42,4;32,8;28,7;87,0;22275;27679;290,0;0,5;25,2;22,3;15,4;36,6;110,7;26,9;43,2;8,3;8,4;8,3;6,4;8,8;Die Werte in den Spalten 21 bis 48 gelten für den kompletten Kreis Recklinghausen, daher sind in den Wahlkreisen 120 und 121 die gleichen Werte ausgewiesen.
Nordrhein-Westfalen;121;Recklinghausen II;5;388,9;252,8;216,8;14,2;649,9;-5,3;15,2;17,0;6,6;11,1;33,2;20,7;11,4;29,4;70,6;1,5;510,3;86,2;44,0;583,3;5,8;31,7;5,5;3,1;9,5;8,5;16,3;42,4;32,8;28,7;87,0;22275;27679;290,0;0,5;25,2;22,3;15,4;36,6;110,7;26,9;43,2;8,3;8,4;8,3;6,4;8,8;Die Werte in den Spalten 21 bis 48 gelten für den kompletten Kreis Recklinghausen, daher sind in den Wahlkreisen 120 und 121 die gleichen Werte ausgewiesen.
Nordrhein-Westfalen;122;Gelsenkirchen;1;104,9;267,3;202,3;24,3;2547,0;-3,2;13,3;19,1;7,8;13,0;32,4;17,9;9,8;71,7;28,3;0,2;524,1;72,8;38,2;471,0;5,9;27,8;4,7;4,0;10,0;10,5;18,5;38,9;32,2;18,2;76,8;17924;33754;316,3;0,1;20,8;22,6;21,8;34,8;197,4;28,5;51,1;14,8;14,5;15,2;13,2;14,7;
Nordrhein-Westfalen;123;Steinfurt I – Borken I;12;978,1;281,2;241,5;14,1;287,5;-1,6;17,5;18,8;8,0;12,6;33,6;17,8;9,3;18,7;81,3;6,0;461,3;103,3;47,6;627,3;6,4;39,0;7,3;3,9;10,6;5,2;16,9;45,4;32,6;38,9;95,7;24231;38207;397,1;1,1;34,9;24,5;13,4;26,2;51,5;26,8;51,3;4,9;5,0;4,9;4,6;5,0;
Nordrhein-Westfalen;124;Bottrop – Recklinghausen III;3;307,8;270,6;234,3;13,4;879,2;-4,9;17,9;17,3;6,9;11,5;33,0;20,3;11,1;34,4;65,6;2,5;507,7;84,9;43,1;586,8;5,9;31,2;5,5;2,7;9,2;7,0;16,5;40,4;36,1;28,2;87,8;22278;26307;285,2;0,5;23,4;22,9;15,2;38,0;103,9;26,9;43,7;8,2;8,4;8,0;6,8;8,2;
Nordrhein-Westfalen;125;Borken II;12;996,4;266,0;241,7;9,1;267,0;-2,6;16,5;18,2;7,1;12,1;33,7;19,3;9,6;17,4;82,6;4,2;458,3;103,5;47,4;621,6;6,4;43,6;8,5;3,3;10,5;4,8;17,4;44,9;32,9;36,9;94,9;24324;40720;420,0;1,2;39,3;21,4;13,9;24,2;47,6;26,5;52,3;4,5;4,5;4,6;4,0;5,1;
Nordrhein-Westfalen;126;Coesfeld – Steinfurt II;14;1261,9;253,4;231,4;8,7;200,8;-2,9;16,9;17,9;6,8;11,0;33,6;20,4;10,3;14,0;86,0;4,0;455,4;105,6;48,1;638,4;6,6;40,0;7,4;3,3;10,3;4,5;14,6;44,9;36,0;43,5;93,1;25358;32369;338,7;1,8;29,8;24,0;13,7;30,8;48,0;27,2;58,7;4,1;4,4;3,8;4,8;3,9;
Nordrhein-Westfalen;127;Steinfurt III;14;1092,5;255,4;227,3;11,0;233,8;-2,7;15,5;18,0;7,4;11,7;33,8;19,4;9,8;18,1;81,9;4,2;465,5;104,7;48,7;631,2;6,4;35,9;6,4;4,2;10,7;5,4;16,5;45,7;32,4;40,3;96,2;24169;36527;381,5;1,0;31,6;26,8;13,0;27,6;54,1;26,9;50,6;5,2;5,3;5,0;5,1;5,0;
Nordrhein-Westfalen;128;Münster;1;303,3;307,1;271,1;11,7;1012,5;-1,0;10,8;14,9;12,0;18,0;30,9;15,3;8,9;33,0;67,0;7,2;569,1;81,4;46,3;494,7;7,9;41,6;4,9;4,3;9,8;5,9;11,7;32,3;50,2;42,3;97,4;24314;59294;609,7;0,4;11,6;19,1;29,1;39,9;66,4;26,0;43,3;5,1;5,4;4,7;3,1;6,1;
Nordrhein-Westfalen;129;Warendorf;13;1319,4;282,2;247,1;12,4;213,9;-3,4;17,7;18,0;7,3;11,1;33,5;19,5;10,6;15,0;85,0;4,1;471,4;101,6;47,9;633,9;6,4;37,0;7,1;2,3;10,9;4,1;16,4;43,2;36,4;36,5;92,3;24890;34550;352,3;1,5;39,0;19,1;13,4;27,0;57,6;27,2;53,4;5,4;5,4;5,4;5,1;5,6;
Nordrhein-Westfalen;130;Gütersloh I;11;866,3;326,4;275,4;15,6;376,8;-2,2;16,3;18,2;7,6;12,0;34,1;18,1;10,0;22,0;78,0;4,9;475,7;99,2;47,2;658,3;6,6;40,3;6,8;2,4;10,6;4,3;15,9;39,9;39,9;30,3;87,2;26471;52102;510,2;0,5;46,3;20,7;16,0;16,5;54,9;26,8;52,4;4,9;4,9;4,9;3,8;4,9;
Nordrhein-Westfalen;131;Bielefeld – Gütersloh II;2;294,3;342,6;283,8;17,1;1164,2;-2,6;15,3;17,4;8,9;14,4;32,3;16,7;10,3;40,9;59,1;2,6;531,4;82,2;43,7;548,5;8,1;38,5;5,4;4,5;12,2;7,3;11,1;45,6;36,1;32,4;90,7;23156;44515;510,4;0,2;21,8;21,9;20,8;35,3;104,4;26,3;50,0;8,7;8,9;8,4;6,3;9,1;
Nordrhein-Westfalen;132;Herford – Minden-Lübbecke II;10;515,2;305,1;268,6;12,0;592,2;-5,5;17,2;17,5;7,1;11,4;33,2;19,4;11,4;33,3;66,7;2,1;494,5;96,8;47,9;654,9;6,8;39,9;6,4;3,3;11,1;5,5;13,0;44,4;37,2;32,2;87,8;24405;37874;384,0;0,5;38,8;22,3;12,4;25,9;69,8;28,0;47,8;6,1;6,3;5,9;5,6;6,2;
Nordrhein-Westfalen;133;Minden-Lübbecke I;10;1087,6;270,4;242,2;10,4;248,6;-3,9;19,8;18,3;7,2;11,5;32,2;19,9;11,0;19,9;80,1;2,4;467,4;103,6;48,4;651,8;6,5;38,2;6,1;2,5;11,5;8,5;14,5;40,0;37,0;28,3;83,2;24202;44653;417,6;0,5;34,3;20,0;14,4;30,8;77,8;29,0;49,4;6,0;6,2;5,8;5,9;5,2;
Nordrhein-Westfalen;134;Lippe I;11;889,2;293,6;263,4;10,3;330,2;-4,6;17,8;18,4;7,3;11,3;31,6;19,7;11,7;19,6;80,4;1,9;513,6;94,2;48,4;637,1;5,8;36,8;5,9;3,0;10,9;5,9;16,7;44,7;32,7;28,4;85,0;24013;32998;344,3;0,8;36,2;19,0;13,2;30,9;73,0;28,0;48,2;5,5;5,8;5,1;4,8;5,4;
Nordrhein-Westfalen;135;Höxter – Gütersloh III – Lippe II;16;1625,9;219,2;199,8;8,9;134,8;-5,0;15,8;17,7;7,1;11,1;32,5;20,6;11,0;12,4;87,6;3,2;496,9;103,4;51,4;656,1;5,9;37,6;6,7;4,3;11,4;6,1;16,3;40,2;37,3;29,3;86,8;24181;33564;353,2;0,9;36,2;21,5;11,7;29,7;58,4;26,4;49,4;4,8;5,1;4,5;4,5;4,6;
Nordrhein-Westfalen;136;Paderborn;10;1246,8;315,6;280,3;11,2;253,1;-1,4;15,2;17,9;8,6;13,8;32,7;18,1;8,9;16,2;83,8;3,9;478,7;97,8;46,8;604,0;7,4;40,8;6,4;3,2;10,6;5,2;14,5;41,2;39,0;36,4;93,7;23305;38392;406,9;0,7;29,7;20,5;19,4;29,7;64,8;25,3;46,5;5,5;5,8;5,2;4,7;6,2;
Nordrhein-Westfalen;137;Hagen – Ennepe-Ruhr-Kreis I;5;324,2;287,1;231,3;19,4;885,7;-5,3;13,0;18,1;7,3;12,1;32,4;18,8;11,3;29,6;70,4;0,9;546,0;80,8;44,1;566,3;6,1;34,9;5,4;3,7;10,4;6,4;16,9;39,6;37,1;25,3;83,3;22504;34285;360,4;0,1;28,6;22,9;15,0;33,4;124,8;27,8;52,9;10,2;10,5;9,8;8,5;9,8;
Nordrhein-Westfalen;138;Ennepe-Ruhr-Kreis II;5;246,0;218,6;193,2;11,6;888,8;-6,6;14,6;15,8;6,4;11,5;33,1;20,7;12,4;33,7;66,3;1,6;556,2;84,9;47,2;644,3;6,4;38,9;5,9;2,2;8,5;5,6;12,7;41,3;40,4;32,1;91,6;25642;31651;349,1;0,2;33,9;21,7;12,7;31,5;88,2;26,4;48,7;7,1;7,4;6,7;6,9;6,6;
Nordrhein-Westfalen;139;Bochum I;1;103,3;271,7;228,2;16,0;2630,4;-5,2;11,5;15,3;8,2;14,8;31,9;18,6;11,2;70,3;29,7;2,7;565,6;76,1;43,1;607,2;8,8;35,3;4,8;3,3;9,8;8,4;15,5;36,4;39,7;32,4;89,4;21765;37650;410,5;0,0;16,8;22,5;22,5;38,2;116,3;24,9;46,5;9,1;9,6;8,5;6,4;10,4;
Nordrhein-Westfalen;140;Herne – Bochum II;1;93,8;241,4;198,4;17,8;2574,8;-5,6;10,6;16,8;7,9;13,5;32,4;18,5;10,9;72,4;27,6;1,7;550,0;75,5;41,5;543,6;6,5;30,3;4,6;3,4;10,2;10,9;16,2;36,6;36,3;27,0;80,3;20143;31278;348,6;0,1;20,3;22,7;16,9;40,0;138,7;26,1;49,0;10,7;11,0;10,3;8,8;10,7;Spalte 1: Ohne den im Wahlkreis 140 enthaltenen Teil der Stadt Bochum.
Nordrhein-Westfalen;141;Dortmund I;1;126,3;289,7;241,2;16,8;2293,4;-3,5;14,3;17,3;8,1;14,5;32,7;17,3;10,1;60,1;39,9;2,3;539,8;76,2;41,1;498,9;6,9;34,8;4,2;3,4;9,4;8,4;14,8;39,8;37,0;32,0;89,6;21004;41880;437,9;0,1;16,4;22,7;28,4;32,4;154,7;27,8;49,8;11,7;11,8;11,5;9,2;11,9;Die Stadt Dortmund bildet mehrere Wahlkreise. In den Spalten 1 und 7 bis 48 sind die Werte für Dortmund insgesamt ausgewiesen.
Nordrhein-Westfalen;142;Dortmund II;1;154,4;311,7;238,3;23,5;2018,5;-3,5;14,3;17,3;8,1;14,5;32,7;17,3;10,1;60,1;39,9;2,3;539,8;76,2;41,1;498,9;6,9;34,8;4,2;3,4;9,4;8,4;14,8;39,8;37,0;32,0;89,6;21004;41880;437,9;0,1;16,4;22,7;28,4;32,4;154,7;27,8;49,8;11,7;11,8;11,5;9,2;11,9;Die Stadt Dortmund bildet mehrere Wahlkreise. In den Spalten 1 und 7 bis 48 sind die Werte für Dortmund insgesamt ausgewiesen.
Nordrhein-Westfalen;143;Unna I;7;347,3;253,7;222,2;12,4;730,4;-6,3;22,0;16,8;6,7;11,2;33,4;20,4;11,5;33,1;66,9;1,9;507,4;89,5;45,4;618,2;6,6;32,8;4,9;2,8;9,7;6,7;18,6;37,2;37,5;30,9;89,5;22982;33298;344,5;0,3;28,2;28,3;15,8;27,5;86,5;26,0;42,6;7,1;7,3;6,7;4,8;7,5;
Nordrhein-Westfalen;144;Hamm – Unna II;4;422,6;322,0;271,5;15,7;762,0;-4,7;14,7;17,5;7,6;12,2;32,9;19,1;10,6;31,7;68,3;2,9;504,1;85,5;43,1;586,5;6,1;31,0;4,6;3,5;10,6;6,5;19,8;42,3;31,5;30,9;91,0;21402;31938;346,9;0,2;25,4;26,5;16,2;31,7;94,0;21,4;42,6;7,9;8,1;7,6;6,1;7,9;
Nordrhein-Westfalen;145;Soest;14;1328,6;300,3;266,6;11,2;226,1;-4,9;16,8;17,2;7,0;11,7;33,5;19,9;10,6;16,4;83,6;3,3;495,0;100,4;49,7;655,4;6,1;39,0;5,8;3,7;11,1;6,2;14,9;39,5;39,4;34,1;92,6;24403;39448;383,0;1,2;37,2;20,0;12,3;29,3;61,8;24,8;46,3;5,8;6,1;5,4;5,0;6,2;
Nordrhein-Westfalen;146;Hochsauerlandkreis;12;1960,2;261,2;232,3;11,1;133,2;-4,9;16,5;16,6;7,0;11,6;33,3;20,5;11,1;13,0;87,0;2,4;515,8;99,9;51,5;661,9;6,5;43,6;7,8;4,6;10,1;5,5;20,2;44,9;29,5;32,8;92,6;25846;39723;426,9;0,9;39,8;19,0;11,8;28,5;52,6;24,8;51,7;4,8;5,0;4,7;4,4;5,1;
Nordrhein-Westfalen;147;Siegen-Wittgenstein;11;1132,9;274,4;239,4;12,8;242,2;-4,2;14,9;17,2;7,5;12,7;32,4;19,5;10,7;17,0;83,0;2,1;511,5;95,9;49,1;655,2;6,7;36,2;5,9;3,3;10,6;4,6;13,6;44,0;37,8;31,7;92,8;25272;40750;435,7;0,2;38,8;20,7;13,5;26,8;71,0;27,2;52,1;5,8;5,9;5,6;5,4;6,0;
Nordrhein-Westfalen;148;Olpe – Märkischer Kreis I;13;1161,5;274,2;237,6;13,3;236,1;-4,7;15,5;17,5;7,0;11,7;33,6;19,7;10,6;15,2;84,8;1,5;507,1;95,0;48,2;662,6;5,9;38,2;6,8;2,6;11,1;7,3;16,2;42,1;34,5;29,2;91,4;26379;41197;427,8;0,4;50,7;15,3;10,8;22,8;65,0;25,3;49,2;6,1;6,3;5,9;4,7;6,8;
Nordrhein-Westfalen;149;Märkischer Kreis II;9;611,7;267,1;228,9;14,3;436,7;-6,1;13,6;17,0;6,9;11,2;33,5;20,2;11,3;19,3;80,7;1,6;523,8;88,0;46,1;630,2;6,0;36,4;6,1;3,1;10,4;8,0;15,1;43,3;33,6;28,4;87,5;25296;38619;395,4;0,3;48,4;16,2;11,2;23,9;84,1;25,4;47,0;7,9;8,2;7,4;6,2;8,4;
Nordrhein-Westfalen;905;Land insgesamt;396;34112,7;18017,5;15219,4;15,5;528,2;-3,9;15,6;17,2;7,5;12,9;33,2;18,6;10,6;23,8;76,2;2,7;513,3;88,0;45,2;585,9;7,0;39,7;6,1;3,0;10,0;6,3;15,3;39,6;38,8;32,0;89,9;23812;41440;404,1;0,5;25,2;22,3;22,0;30,0;91,4;26,7;48,0;7,5;7,7;7,2;6,0;7,6;
Sachsen;150;Nordsachsen;30;2028,5;200,8;188,2;6,2;99,0;-8,3;19,9;16,3;5,5;7,5;34,6;23,3;12,8;12,0;88,0;2,1;561,2;81,0;45,4;588,6;4,7;37,0;9,7;1,1;7,5;10,5;9,9;52,1;27,5;63,5;93,9;22809;32011;387,3;2,6;27,6;33,7;9,9;26,2;58,8;21,6;29,4;6,4;6,6;6,1;6,7;7,9;
Sachsen;151;Leipzig I;1;169,8;302,2;267,4;11,5;1779,5;-3,5;29,7;16,3;9,3;16,5;32,9;14,5;10,6;55,7;44,3;4,2;578,6;69,0;39,9;384,7;7,3;39,1;5,3;1,6;6,8;9,0;10,0;39,5;41,5;58,8;96,8;20545;39695;478,6;0,1;14,7;20,9;34,1;30,2;91,0;23,0;42,2;7,9;8,1;7,6;7,0;8,4;Die Stadt Leipzig bildet mehrere Wahlkreise. In den Spalten 1 und 7 bis 48 sind die Werte für Leipzig insgesamt ausgewiesen.
Sachsen;152;Leipzig II;1;128,0;305,9;258,8;15,4;2389,5;-2,6;22,1;16,3;9,3;16,5;32,9;14,5;10,6;55,7;44,3;4,2;578,6;69,0;39,9;384,7;7,3;39,1;5,3;1,6;6,8;9,0;10,0;39,5;41,5;58,8;96,8;20545;39695;478,6;0,1;14,7;20,9;34,1;30,2;91,0;23,0;42,2;7,9;8,1;7,6;7,0;8,4;Die Stadt Leipzig bildet mehrere Wahlkreise. In den Spalten 1 und 7 bis 48 sind die Werte für Leipzig insgesamt ausgewiesen.
Sachsen;153;Leipzig-Land;30;1651,2;260,7;248,8;4,6;157,9;-8,4;17,1;16,7;5,2;7,0;34,7;22,9;13,4;17,1;82,9;2,4;565,3;82,1;46,4;603,3;5,1;38,7;9,5;0,9;7,8;8,0;9,0;52,1;30,9;65,5;94,9;23549;29877;305,5;1,9;32,1;23,7;10,9;31,4;55,8;22,4;33,2;5,6;5,9;5,2;6,6;5,8;
Sachsen;154;Meißen;28;1454,6;240,4;228,1;5,1;165,2;-9,2;17,3;16,4;5,4;6,9;33,8;22,9;14,6;12,7;87,3;2,2;579,8;78,6;45,6;587,1;4,8;38,5;9,9;1,5;9,3;6,6;8,2;55,3;29,8;61,8;97,7;23184;30344;369,1;2,4;33,8;24,7;11,1;28,0;53,1;20,9;31,6;5,6;6,0;5,3;5,3;6,5;
Sachsen;155;Bautzen I;52;2224,9;247,5;237,5;4,0;111,2;-9,6;13,2;16,3;5,0;6,8;33,1;24,4;14,4;12,5;87,5;2,2;569,0;80,1;45,6;617,8;4,3;35,8;10,1;1,5;8,7;7,6;8,2;55,8;28,4;62,7;98,7;22530;29674;381,7;1,6;35,8;20,1;12,7;29,8;49,3;21,3;29,6;6,1;6,4;5,8;6,3;7,4;
Sachsen;156;Görlitz;53;2111,4;245,9;228,9;6,9;116,4;-11,5;16,9;15,6;5,3;6,9;31,9;24,8;15,5;16,7;83,3;0,9;635,4;77,2;49,1;584,7;3,7;35,6;9,4;1,6;8,2;9,6;9,2;55,4;25,7;57,4;95,0;21037;30745;362,5;1,9;32,8;18,2;11,5;35,6;78,0;20,4;29,3;8,6;9,2;8,0;9,0;10,4;
Sachsen;157;Sächsische Schweiz-Osterzgebirge;36;1654,2;245,1;233,9;4,6;148,2;-8,9;17,4;17,0;5,4;7,0;33,9;22,2;14,5;10,0;90,0;1,9;569,7;76,6;43,7;596,0;5,0;39,1;10,7;1,2;8,1;9,0;8,9;55,3;26,8;61,8;99,5;22701;25300;326,6;1,9;34,5;20,0;8,9;34,8;47,3;21,9;34,5;5,1;5,6;4,5;5,2;6,0;
Sachsen;158;Dresden I;1;81,5;306,0;264,5;13,6;3754,7;-1,4;7,8;17,1;8,7;14,0;32,6;15,5;12,1;44,5;55,5;3,3;565,4;69,1;39,1;408,4;6,7;38,9;5,5;2,6;8,0;7,0;5,4;45,0;42,7;61,6;100,6;22009;43302;498,9;0,1;17,5;18,5;28,0;35,9;71,2;24,3;44,1;6,5;6,7;6,3;5,8;7,5;
Sachsen;159;Dresden II – Bautzen II;5;417,7;304,3;281,9;7,4;728,5;-5,4;26,2;17,3;8,2;13,0;33,0;16,3;12,2;33,6;66,4;3,2;560,5;71,1;39,8;441,0;6,2;38,4;6,2;2,4;8,1;7,1;5,8;46,8;40,3;61,7;100,3;22092;41147;480,7;0,3;19,7;18,7;26,1;35,1;67,8;24,0;42,4;6,4;6,6;6,2;5,9;7,5;Spalte 1: Ohne den im Wahlkreis 159 enthaltenen Teil der Stadt Dresden.
Sachsen;160;Mittelsachsen;36;1675,6;235,8;221,5;6,1;140,7;-9,9;15,3;15,8;5,8;8,2;32,8;23,2;14,2;11,4;88,6;1,6;613,6;73,8;45,3;605,1;4,2;37,6;10,2;1,2;8,0;9,7;10,2;51,5;28,6;60,8;97,0;22317;29657;359,6;2,5;36,2;19,8;11,2;30,3;51,3;21,8;34,1;5,5;5,8;5,2;6,5;6,1;
Sachsen;161;Chemnitz;1;221,0;245,2;213,4;13,0;1109,1;-8,0;29,4;16,1;7,2;11,5;31,3;19,6;14,4;45,4;54,6;1,4;638,0;67,8;43,2;514,4;6,4;37,2;6,5;3,4;7,3;14,0;8,5;45,9;31,7;52,7;90,6;21998;38198;480,6;0,1;21,1;18,9;26,8;33,0;97,7;24,6;50,1;9,0;9,3;8,6;10,4;8,6;
Sachsen;162;Chemnitzer Umland – Erzgebirgskreis II;38;902,9;209,1;202,4;3,2;231,6;-10,8;10,1;15,8;5,2;6,8;33,1;24,3;14,8;16,4;83,6;2,0;606,1;75,7;45,9;613,3;4,6;38,2;10,8;1,4;8,4;8,2;8,4;54,7;28,6;56,1;96,5;22405;29231;372,3;1,5;38,2;19,4;11,1;29,7;49,6;22,3;34,9;5,3;5,6;5,0;6,0;6,0;
Sachsen;163;Erzgebirgskreis I;46;1560,9;245,4;235,4;4,1;157,2;-10,9;11,6;15,6;5,5;6,8;32,0;25,7;14,3;11,8;88,2;1,5;623,8;72,4;45,1;629,7;4,4;39,9;12,2;1,4;8,8;7,1;9,5;58,7;24,7;53,8;95,7;22088;25576;349,7;1,5;40,9;18,2;8,1;31,4;43,1;20,7;30,1;5,1;5,5;4,7;6,0;5,9;
Sachsen;164;Zwickau;24;755,1;239,5;222,4;7,1;317,2;-11,2;16,1;15,2;5,8;8,2;32,4;23,4;14,9;19,1;80,9;1,5;635,2;72,0;45,8;602,7;5,1;36,9;9,6;1,7;8,4;8,3;5,7;52,9;33,1;54,3;96,9;22837;32934;408,2;0,8;37,3;20,1;13,9;27,7;55,1;24,0;39,7;5,4;5,7;5,1;5,5;5,9;
Sachsen;165;Vogtlandkreis;37;1412,4;221,1;207,5;6,1;156,5;-11,9;17,9;14,8;5,4;7,4;32,5;24,3;15,5;11,8;88,2;1,1;654,3;73,6;48,2;619,5;5,1;40,3;11,1;1,6;7,5;8,1;8,8;54,2;28,9;54,6;95,9;22171;27948;361,3;1,6;35,8;20,3;11,6;30,7;53,9;21,9;38,5;5,8;6,0;5,6;7,6;5,8;
Sachsen;914;Land insgesamt;418;18449,9;4054,7;3740,7;7,7;219,8;-7,9;18,2;16,2;6,6;9,8;33,0;20,9;13,5;15,1;84,9;2,3;594,2;73,9;43,9;538,9;5,2;38,2;8,6;1,7;8,0;8,5;8,4;50,8;32,3;59,3;96,8;22120;33330;405,4;1,1;27,5;20,7;19,2;31,5;64,6;22,7;38,2;6,5;6,8;6,1;6,7;7,1;
Hessen;166;Waldeck;28;2167,3;229,3;206,3;10,1;105,8;-7,8;21,6;16,6;6,5;10,9;32,8;21,2;12,0;11,2;88,8;2,9;524,0;102,3;53,6;677,6;6,2;34,9;6,9;1,8;9,0;5,3;17,9;51,2;25,6;34,0;95,2;23954;34362;376,7;0,8;38,3;21,1;10,9;28,9;51,3;27,6;54,5;4,3;4,5;4,1;4,8;4,2;
Hessen;167;Kassel;12;357,6;298,0;246,2;17,4;833,2;-3,8;20,6;16,6;8,1;14,4;32,0;17,7;11,2;35,4;64,6;2,3;535,5;84,5;45,2;534,0;7,2;37,9;5,4;3,5;8,1;7,2;17,1;52,8;22,9;33,5;88,9;22327;46227;500,6;0,2;25,5;21,0;19,5;33,8;102,2;28,2;58,3;7,0;7,3;6,6;5,3;6,5;
Hessen;168;Werra-Meißner – Hersfeld-Rotenburg;36;2122,6;216,1;194,6;9,9;101,8;-7,7;16,1;16,2;6,6;10,9;32,4;21,4;12,4;12,1;87,9;1,6;522,4;101,2;52,9;668,1;4,6;34,1;6,5;2,8;9,3;6,6;21,6;51,4;20,4;36,0;88,1;22754;34153;363,0;1,2;27,7;28,6;11,3;31,3;54,9;28,6;41,5;4,5;4,6;4,3;5,5;4,1;
Hessen;169;Schwalm-Eder;37;2262,9;236,0;213,2;9,7;104,3;-6,6;21,1;16,5;6,7;11,1;33,4;21,1;11,3;11,9;88,1;3,6;501,3;107,6;53,9;679,5;5,9;34,2;7,0;2,0;9,2;6,7;16,3;48,9;28,1;36,4;94,0;23497;35583;349,9;0,8;31,8;24,6;12,7;30,0;49,9;27,6;55,7;4,2;4,4;4,0;4,8;4,1;
Hessen;170;Marburg;22;1262,4;243,1;211,9;12,8;192,6;-3,7;18,5;16,3;9,9;14,1;31,7;18,2;9,8;14,3;85,7;3,2;499,0;99,2;49,5;603,6;5,6;33,5;5,7;2,8;8,9;6,1;17,7;39,7;36,4;37,2;92,0;22713;42529;397,8;0,3;34,8;14,1;14,5;36,3;58,8;26,3;52,8;4,6;4,8;4,4;3,9;4,3;
Hessen;171;Lahn-Dill;25;1153,2;276,4;241,8;12,5;239,7;-4,6;20,2;17,1;7,0;11,6;33,2;19,9;11,2;16,8;83,2;3,5;488,8;104,7;51,2;651,1;5,9;39,2;7,2;2,5;9,2;6,1;18,8;49,5;25,5;29,8;89,2;23857;36075;384,3;0,3;38,3;20,2;13,8;27,4;76,3;29,2;53,8;5,8;5,9;5,8;5,5;5,3;
Hessen;172;Gießen;24;1343,3;290,2;248,1;14,5;216,0;-3,1;22,5;16,5;9,2;15,3;31,0;18,3;9,6;15,2;84,8;2,9;510,9;96,3;49,2;610,7;6,4;38,4;6,4;2,1;9,6;5,9;14,4;46,8;32,8;35,6;88,7;22349;37752;382,4;0,4;25,1;21,9;15,4;37,2;80,3;27,1;52,6;5,6;5,7;5,4;4,3;5,4;
Hessen;173;Fulda;33;2130,2;270,5;240,4;11,1;127,0;-3,1;19,5;16,9;7,5;12,3;32,7;19,6;11,0;13,0;87,0;3,8;502,1;103,4;51,9;673,7;6,1;39,4;7,2;3,5;9,3;6,1;15,2;53,0;25,6;33,8;93,4;23956;38063;423,5;0,6;29,3;23,2;18,0;28,8;47,6;27,8;57,8;3,7;3,8;3,6;3,8;3,3;
Hessen;174;Main-Kinzig – Wetterau II – Schotten;24;1539,5;231,7;203,1;12,3;150,5;-4,9;16,9;16,6;6,7;10,9;33,7;20,9;11,1;12,6;87,4;2,8;487,5;106,1;51,7;639,6;6,8;41,0;7,3;2,8;9,0;6,5;16,5;48,5;28,5;30,7;87,8;25520;36209;325,5;0,5;29,8;23,7;18,5;27,4;62,4;28,0;57,8;5,1;5,2;5,0;6,3;5,0;
Hessen;175;Hochtaunus;19;812,5;255,9;214,7;16,1;315,0;-4,7;15,8;17,7;6,6;10,1;34,8;19,0;11,7;17,8;82,2;3,7;482,7;103,5;50,0;683,4;9,5;51,5;7,2;2,4;9,6;5,6;13,3;45,3;35,8;38,1;94,0;31303;44764;398,8;0,2;20,3;20,0;33,4;26,0;52,1;29,2;59,1;4,5;4,5;4,6;5,3;4,5;
Hessen;176;Wetterau I;17;745,8;246,5;208,1;15,6;330,5;-3,8;23,9;17,4;6,9;11,6;34,8;18,4;10,8;17,5;82,5;3,2;483,0;101,7;49,1;638,1;7,0;42,1;7,3;1,9;7,7;7,6;17,8;45,3;29,3;34,9;92,1;25702;30701;297,2;0,7;23,6;25,2;20,4;30,0;52,7;27,0;56,2;4,3;4,6;4,0;4,6;4,5;
Hessen;177;Rheingau-Taunus – Limburg;27;1171,2;298,8;255,8;14,4;255,1;-5,1;16,6;16,8;6,9;10,9;34,0;19,9;11,5;15,6;84,4;3,6;494,6;102,7;50,8;664,6;6,9;43,7;7,9;2,2;7,9;6,8;18,7;53,2;21,3;35,5;94,8;26101;28706;281,3;0,9;28,0;22,7;16,3;32,1;59,2;29,0;59,1;4,9;5,0;4,9;5,0;4,5;
Hessen;178;Wiesbaden;1;203,9;287,2;222,2;22,6;1409,0;-1,7;15,8;18,2;8,3;13,5;33,4;16,2;10,5;40,3;59,7;5,0;515,1;80,5;41,5;847,5;20,1;48,7;6,7;2,7;9,2;8,1;15,1;48,0;28,8;38,0;91,7;25935;68556;514,0;0,1;14,7;18,7;32,1;34,4;108,2;29,0;51,7;8,0;7,5;8,5;8,3;8,1;
Hessen;179;Hanau;14;346,2;261,3;205,1;21,5;754,6;-2,7;20,2;18,3;7,2;12,2;34,2;17,6;10,4;28,2;71,8;4,0;485,0;93,4;45,3;635,0;6,8;40,8;7,3;3,1;9,5;6,1;15,8;49,5;28,7;29,0;85,9;25580;38829;336,8;0,4;31,9;23,3;18,3;26,0;67,1;28,4;58,7;5,5;5,5;5,5;7,0;5,3;
Hessen;180;Main-Taunus;15;270,6;284,8;230,5;19,1;1052,8;-2,7;15,5;18,5;6,7;10,6;35,3;17,0;11,9;32,3;67,7;2,4;483,8;99,1;47,9;772,7;11,2;49,1;6,4;2,2;8,6;6,0;13,0;49,0;32,1;35,8;91,8;30418;57852;451,2;0,2;15,3;22,8;38,2;23,5;51,6;29,1;62,0;5,1;5,0;5,2;7,3;5,0;
Hessen;181;Frankfurt am Main I;1;85,1;372,9;249,4;33,1;4381,7;1,4;15,3;16,9;7,8;17,4;36,4;13,7;7,8;58,7;41,3;4,9;549,8;70,8;39,0;457,2;10,6;53,7;5,1;2,6;7,5;7,5;15,2;47,1;30,2;44,0;90,6;25271;97270;838,5;0,0;9,5;24,8;46,4;19,2;85,7;27,1;52,0;6,5;6,6;6,4;5,4;7,6;Die Stadt Frankfurt am Main bildet mehrere Wahlkreise. In den Spalten 1 und 7 bis 48 sind die Werte für Frankfurt am Main insgesamt ausgewiesen.
Hessen;182;Frankfurt am Main II;1;163,2;376,7;281,2;25,4;2308,1;1,4;15,3;16,9;7,8;17,4;36,4;13,7;7,8;58,7;41,3;4,9;549,8;70,8;39,0;457,2;10,6;53,7;5,1;2,6;7,5;7,5;15,2;47,1;30,2;44,0;90,6;25271;97270;838,5;0,0;9,5;24,8;46,4;19,2;85,7;27,1;52,0;6,5;6,6;6,4;5,4;7,6;Die Stadt Frankfurt am Main bildet mehrere Wahlkreise. In den Spalten 1 und 7 bis 48 sind die Werte für Frankfurt am Main insgesamt ausgewiesen.
Hessen;183;Groß-Gerau;14;453,0;267,9;204,0;23,8;591,4;-1,6;15,7;18,5;7,5;12,5;35,0;16,7;9,8;24,3;75,7;4,9;481,0;91,4;44,0;594,9;6,5;35,2;5,6;1,4;7,6;6,6;20,3;55,3;17,7;23,1;88,3;23317;46001;382,9;0,6;25,8;32,9;19,6;21,2;79,2;29,4;57,8;6,4;6,3;6,4;5,9;7,0;
Hessen;184;Offenbach;9;241,4;369,5;261,6;29,2;1530,9;-0,2;16,6;18,5;7,7;13,7;34,2;16,0;9,9;35,6;64,4;3,4;484,1;83,2;40,3;562,4;7,6;46,1;7,1;2,5;8,4;6,6;18,2;50,6;24,5;27,9;85,7;23892;41184;378,0;0,1;20,5;27,6;28,4;23,3;80,3;29,5;55,5;6,7;6,4;6,9;6,8;6,9;
Hessen;185;Darmstadt;15;449,3;358,6;289,7;19,2;798,1;-1,6;16,3;17,2;8,9;14,8;32,6;16,8;9,8;26,0;74,0;2,5;479,5;89,9;43,1;546,2;7,8;42,7;5,9;3,0;9,5;5,4;12,4;41,5;40,7;35,3;91,2;25343;57448;453,7;0,4;26,9;17,7;26,5;28,4;69,4;29,9;56,4;5,4;5,4;5,5;5,0;5,1;
Hessen;186;Odenwald;26;1115,1;321,7;273,0;15,1;288,5;-4,2;14,3;16,9;6,8;11,0;34,1;20,0;11,2;15,0;85,0;2,3;476,8;102,3;48,8;641,4;7,1;42,8;7,6;1,3;8,5;6,5;16,2;49,9;27,4;30,4;88,8;25299;34351;320,1;0,5;28,8;26,4;20,7;23,6;58,8;29,5;56,2;4,9;4,8;5,0;5,6;4,6;
Hessen;187;Bergstraße;22;719,5;274,5;232,0;15,5;381,5;-4,3;18,8;17,1;6,6;11,1;33,8;20,2;11,2;17,1;82,9;2,5;475,7;102,3;48,7;646,9;7,2;44,4;8,0;1,7;7,7;5,1;16,1;49,3;29,5;31,0;92,9;26018;31038;286,5;1,1;30,8;26,0;15,3;26,8;55,4;28,7;57,7;4,4;4,4;4,3;3,5;4,2;
Hessen;906;Land insgesamt;421;21115,6;6267,5;5132,9;18,1;296,8;-3,1;17,9;17,2;7,5;12,9;33,8;18,1;10,5;16,2;83,8;3,4;501,5;93,6;47,0;622,8;8,2;42,8;6,6;2,4;8,6;6,5;16,3;48,6;28,6;34,4;90,5;25023;48190;437,0;0,4;22,7;23,2;27,1;26,7;69,1;28,4;55,2;5,5;5,5;5,4;5,4;5,4;
Thüringen;188;Eichsfeld – Nordhausen – Kyffhäuserkreis;112;2754,1;258,2;242,9;5,9;93,8;-9,4;17,9;16,3;5,8;8,1;33,5;23,6;12,8;10,8;89,2;1,7;548,7;87,2;47,8;609,1;4,5;35,0;9,4;1,6;8,8;10,2;15,8;44,8;29,1;59,6;97,1;21433;26940;331,2;1,9;36,6;18,3;11,4;31,9;64,1;23,3;34,9;6,4;6,7;6,1;6,7;7,3;
Thüringen;189;Eisenach – Wartburgkreis – Unstrut-Hainich-Kreis;58;2291,6;251,3;234,1;6,8;109,7;-9,0;15,1;15,9;5,7;8,3;33,6;23,6;12,9;11,3;88,7;1,6;560,4;84,3;47,2;590,1;4,8;32,4;8,2;1,6;9,0;9,6;12,0;49,9;28,5;57,2;97,4;22046;30103;379,5;1,8;36,7;18,6;13,1;29,8;59,1;24,6;36,0;6,0;6,3;5,6;6,4;6,4;Spalte 1: Ohne den im Wahlkreis 189 enthaltenen Teil der Gemeinde Rodeberg.
Thüringen;190;Jena – Sömmerda – Weimarer Land I;75;1637,9;254,6;232,2;8,8;155,4;-5,6;16,6;16,2;7,4;11,2;33,2;20,2;11,7;12,4;87,6;1,6;554,9;79,1;43,9;514,4;5,6;32,9;7,1;1,3;8,4;7,8;14,2;39,3;38,7;64,7;99,3;21588;36188;424,5;1,4;29,5;16,7;17,3;35,0;53,4;23,8;38,2;5,3;5,7;4,8;5,4;5,9;
Thüringen;191;Gotha – Ilm-Kreis;46;1741,2;243,9;221,1;9,4;140,1;-8,5;19,2;15,5;6,1;9,3;33,9;22,5;12,7;12,9;87,1;2,2;554,0;80,0;44,3;556,2;5,7;34,2;8,3;0,9;8,6;9,5;15,2;46,6;28,8;58,8;98,7;21601;30669;369,0;1,3;38,8;21,1;14,3;24,5;56,7;23,7;35,8;6,0;6,2;5,8;7,0;6,1;
Thüringen;192;Erfurt – Weimar – Weimarer Land II;3;442,7;291,5;258,5;11,3;658,6;-5,2;13,5;16,0;8,5;12,2;33,0;18,7;11,7;29,0;71,0;3,3;546,7;71,7;39,2;454,3;6,7;37,9;6,0;2,9;8,6;8,1;11,6;39,5;40,8;59,6;100,8;21191;41602;481,4;0,3;13,5;22,2;29,6;34,3;69,2;25,6;41,0;6,0;6,2;5,9;4,9;6,2;
Thüringen;193;Gera – Greiz – Altenburger Land;74;1567,5;278,1;255,0;8,3;177,4;-10,8;24,0;14,9;5,5;7,6;32,0;24,9;15,1;15,5;84,5;1,1;637,6;73,8;47,1;565,3;5,4;35,6;9,0;2,1;8,0;11,0;18,3;42,8;27,9;58,3;96,0;22114;26867;342,2;1,6;31,3;21,8;13,6;31,7;82,9;23,9;44,5;8,0;8,2;7,8;9,4;7,9;
Thüringen;194;Saalfeld-Rudolstadt – Saale-Holzland-Kreis – Saale-Orla-Kreis;176;2975,3;263,0;248,7;5,4;88,4;-9,9;15,7;15,2;5,5;7,3;33,4;24,8;13,8;10,2;89,8;1,0;572,9;81,3;46,6;608,2;4,7;37,3;10,0;1,0;7,7;7,4;12,1;50,7;29,7;62,2;96,4;22262;29978;338,7;3,4;39,9;19,1;8,5;29,1;48,2;22,6;35,3;5,3;5,6;4,9;6,0;6,2;
Thüringen;195;Suhl – Schmalkalden-Meiningen – Hildburghausen – Sonneberg;80;2792,1;274,1;253,8;7,4;98,2;-10,4;17,5;14,4;5,8;8,1;33,5;24,8;13,4;10,6;89,4;2,9;576,5;83,3;48,0;619,9;5,1;37,6;10,0;1,5;7,7;11,2;17,0;48,7;23,0;61,0;95,6;22169;28460;350,0;1,6;38,5;17,3;12,9;29,8;39,1;20,7;34,4;5,0;5,5;4,5;5,9;5,4;
Thüringen;916;Land insgesamt;624;16202,4;2114,9;1946,3;8,0;130,5;-8,6;17,4;15,5;6,3;9,0;33,2;22,9;13,0;12,1;87,9;1,9;569,5;79,8;45,5;563,5;5,3;35,4;8,5;1,7;8,3;9,4;14,5;45,2;31,0;60,2;97,7;21803;31413;378,1;1,6;31,8;19,5;16,0;31,1;59,3;23,8;38,2;6,0;6,3;5,7;6,4;6,4;
Rheinland-Pfalz;196;Neuwied;180;1269,4;320,8;285,4;11,0;252,7;-4,2;21,1;17,5;6,7;11,6;32,7;20,6;10,8;17,4;82,6;2,8;491,8;104,3;51,3;657,5;5,8;39,2;7,8;1,9;9,3;10,1;21,1;39,9;28,9;28,4;88,2;23942;32214;327,9;0,5;40,0;18,9;11,8;28,7;58,2;26,3;46,5;5,2;5,4;5,0;4,4;5,5;
Rheinland-Pfalz;197;Ahrweiler;131;1337,3;250,2;225,5;9,9;187,1;-5,0;10,8;16,7;6,4;11,3;33,0;21,1;11,5;15,4;84,6;3,4;529,9;102,6;54,4;669,8;5,7;40,8;8,5;1,6;8,7;5,9;17,9;40,0;36,2;34,3;92,1;24502;30539;310,8;0,9;30,6;24,8;14,4;29,2;44,4;26,2;43,8;3,8;4,0;3,5;3,6;3,9;
Rheinland-Pfalz;198;Koblenz;63;635,7;260,9;223,9;14,2;410,4;-4,8;18,6;15,9;7,6;13,8;32,2;19,0;11,5;19,3;80,7;2,5;541,4;92,2;49,9;619,9;6,4;40,2;6,6;3,3;10,1;6,9;16,7;38,2;38,3;32,1;94,2;23284;51613;478,6;0,3;21,1;23,3;20,5;34,8;63,7;25,9;47,5;4,9;5,1;4,7;4,3;4,8;
Rheinland-Pfalz;199;Mosel/Rhein-Hunsrück;277;2287,7;222,2;197,2;11,2;97,1;-6,2;22,6;16,1;6,5;10,7;33,0;22,3;11,4;12,0;88,0;4,4;539,1;108,6;58,6;688,1;5,6;41,3;8,5;2,0;8,7;7,9;20,8;43,3;28,0;32,0;93,2;24527;35968;367,4;1,4;33,9;24,5;12,8;27,5;39,3;27,8;51,0;3,8;3,8;3,8;3,7;4,0;
Rheinland-Pfalz;200;Kreuznach;214;1640,7;247,2;216,1;12,6;150,7;-5,6;17,6;16,9;6,5;11,2;32,3;21,8;11,4;13,0;87,0;4,0;515,4;102,6;52,9;632,2;5,6;38,5;7,4;2,2;8,7;8,8;21,6;37,1;32,5;29,5;89,5;23206;31332;331,9;0,9;30,3;20,7;13,8;34,3;67,8;26,8;44,5;6,3;6,6;6,1;6,5;6,5;
Rheinland-Pfalz;201;Bitburg;399;3102,4;219,4;187,7;14,4;70,7;-4,7;25,5;17,0;6,7;11,9;33,1;21,0;10,3;11,5;88,5;5,5;549,2;110,4;60,6;699,3;5,6;38,9;7,9;2,1;9,5;7,5;19,2;43,4;29,9;29,3;90,5;23757;32452;328,9;1,4;39,3;22,3;8,7;28,2;35,9;28,0;47,4;3,7;3,7;3,6;3,4;4,1;
Rheinland-Pfalz;202;Trier;105;1219,3;253,0;214,2;15,3;207,5;-3,3;20,1;16,1;8,0;14,1;33,7;18,6;9,5;15,1;84,9;3,7;563,1;97,0;54,6;624,8;6,8;33,9;6,4;3,3;8,7;8,8;16,7;37,2;37,3;38,8;99,3;24227;31370;342,7;1,1;23,5;23,1;12,8;39,5;53,1;25,3;47,6;5,0;5,7;4,4;4,5;4,7;
Rheinland-Pfalz;203;Montabaur;297;1508,2;280,6;252,0;10,2;186,0;-4,7;16,8;17,2;6,4;11,2;34,1;20,7;10,4;15,8;84,2;3,6;495,2;110,6;54,8;676,9;6,2;40,7;8,0;2,1;8,8;7,9;18,5;44,6;29,1;34,5;93,1;24826;35597;327,4;0,5;39,0;21,0;13,6;25,7;41,7;26,9;46,6;3,7;3,9;3,5;3,4;4,0;
Rheinland-Pfalz;204;Mainz;30;467,3;355,6;295,0;17,1;761,0;-1,2;14,7;15,9;8,9;15,9;33,0;16,6;9,8;25,4;74,6;4,8;546,3;85,1;46,5;545,7;7,3;41,8;5,0;2,1;8,8;5,1;11,8;32,1;51,0;37,4;93,1;25265;80417;456,7;0,7;16,7;19,5;27,7;35,5;60,9;25,6;55,7;5,3;5,6;4,9;5,1;5,6;
Rheinland-Pfalz;205;Worms;105;932,6;291,7;251,3;13,9;312,8;-2,6;11,5;17,9;7,0;11,3;34,0;20,2;9,6;18,2;81,8;4,6;493,1;103,3;50,9;641,8;6,2;37,7;6,3;1,5;9,6;6,6;16,4;39,9;37,1;33,2;94,3;24907;34814;310,1;2,3;28,0;25,3;17,9;26,5;59,8;28,4;50,8;5,5;5,7;5,4;6,1;5,6;
Rheinland-Pfalz;206;Ludwigshafen/Frankenthal;20;314,7;327,3;253,0;22,7;1040,0;-2,7;12,0;18,2;7,3;12,6;33,3;17,9;10,7;34,5;65,5;1,5;499,9;90,3;45,2;551,9;6,4;31,0;5,3;2,3;9,5;8,2;21,7;38,3;31,8;24,2;85,4;23615;52900;441,3;1,6;40,8;17,4;17,9;22,4;92,0;27,9;53,0;7,2;7,1;7,4;6,2;8,0;
Rheinland-Pfalz;207;Neustadt – Speyer;57;866,0;289,0;253,9;12,1;333,7;-5,2;15,4;16,6;6,3;10,9;33,1;21,4;11,7;17,1;82,9;2,5;518,0;102,4;53,1;661,4;6,4;41,3;7,0;1,3;8,8;6,8;15,9;34,7;42,7;35,4;95,4;27774;30163;318,5;2,9;21,3;24,6;16,5;34,7;51,5;26,6;43,8;5,1;5,4;4,8;5,2;5,7;
Rheinland-Pfalz;208;Kaiserslautern;208;1696,2;298,1;259,2;13,1;175,8;-4,2;20,4;16,7;7,2;12,9;31,8;21,0;10,4;14,1;85,9;2,4;554,9;103,5;57,4;621,3;6,4;34,2;6,6;2,7;9,4;8,7;16,7;36,6;38,0;29,9;83,6;22525;32440;352,8;0,5;24,7;20,9;17,3;36,7;67,3;25,8;38,7;6,6;6,9;6,2;6,0;7,0;
Rheinland-Pfalz;209;Pirmasens;108;1388,1;216,2;193,9;10,3;155,8;-5,6;14,4;16,6;6,4;11,1;31,8;22,4;11,8;14,2;85,8;2,1;584,8;106,3;62,2;687,5;6,3;36,5;7,5;2,1;8,2;7,5;20,6;39,8;32,2;34,7;85,6;23362;28138;303,9;0,5;30,4;23,3;12,4;33,4;61,4;26,9;41,2;6,3;6,7;5,9;6,2;6,7;
Rheinland-Pfalz;210;Südpfalz;107;1186,2;293,0;257,7;12,0;247,0;-3,3;15,7;16,7;7,1;11,8;33,6;20,5;10,3;15,1;84,9;4,3;503,2;104,1;52,4;658,0;6,6;38,5;6,9;2,1;9,7;7,4;14,2;40,7;37,7;35,9;98,2;25151;35694;356,3;1,7;32,3;25,0;12,8;28,2;50,5;27,2;46,7;4,8;5,1;4,4;4,7;5,2;
Rheinland-Pfalz;907;Land insgesamt;2301;19858,0;4125,2;3565,9;13,6;207,7;-4,1;17,0;16,8;7,1;12,3;33,0;20,2;10,7;15,0;85,0;3,4;526,4;100,9;53,1;637,7;6,2;38,2;7,0;2,2;9,1;7,6;17,8;38,8;35,8;32,5;91,5;24367;39530;360,4;1,1;29,6;22,0;16,3;31,0;57,5;26,8;47,4;5,2;5,4;4,9;4,9;5,5;Spalte 2: In der Landessumme ist das gemeinsame deutsch-luxemburgische Hoheitsgebiet mit 6,2 km² enthalten.
Bayern;211;Altötting;55;1374,6;234,3;200,8;14,3;170,4;-3,1;19,7;17,6;7,2;12,3;33,6;18,9;10,3;12,6;87,4;5,8;468,2;105,6;49,4;651,8;6,6;43,0;8,4;3,3;9,9;5,6;25,8;47,6;21,0;24,3;88,9;24929;48665;407,3;1,2;47,1;18,2;10,4;23,1;32,5;26,6;52,6;3,4;3,3;3,5;2,7;4,0;
Bayern;212;Erding – Ebersberg;47;1420,1;282,6;240,9;14,7;199,0;-0,5;14,9;18,5;7,4;11,9;36,2;16,6;9,4;13,1;86,9;4,6;455,0;103,9;47,3;641,1;7,6;47,8;9,2;1,4;9,5;4,8;15,4;47,5;32,4;30,1;92,0;28089;34203;325,6;1,0;23,4;34,3;16,6;24,6;21,5;28,0;60,4;2,5;2,6;2,5;1,8;3,3;
Bayern;213;Freising;50;1802,2;343,5;286,1;16,7;190,6;-0,1;17,4;17,9;7,7;13,6;35,6;16,6;8,6;14,1;85,9;6,0;474,0;103,3;49,0;644,7;6,9;42,6;8,4;2,2;8,6;5,0;22,8;51,6;20,7;28,3;90,1;26282;45419;412,7;0,8;26,9;38,9;14,9;18,4;22,9;25,9;60,6;2,8;2,8;2,8;2,9;3,4;
Bayern;214;Fürstenfeldbruck;39;992,4;328,2;273,8;16,6;330,7;-1,9;12,6;18,0;7,1;11,8;35,3;17,0;10,9;15,7;84,3;3,7;479,1;97,2;46,6;605,8;7,1;46,6;9,1;2,0;9,3;4,0;19,6;44,4;32,1;30,2;90,8;27808;30503;279,9;0,7;26,0;28,5;18,1;26,7;28,6;27,4;59,9;3,2;3,2;3,2;2,9;4,0;
Bayern;215;Ingolstadt;42;1845,6;343,3;287,9;16,1;186,0;-0,3;17,6;18,6;7,6;13,5;34,4;16,9;9,1;13,0;87,0;5,7;490,4;100,1;49,1;695,3;11,1;35,6;6,7;3,9;10,2;4,3;18,0;52,4;25,3;28,9;88,4;25616;76430;492,4;0,4;44,1;15,5;19,4;20,7;37,3;28,9;62,5;3,2;3,1;3,3;3,2;3,4;
Bayern;216;München-Nord;1;87,8;368,2;256,4;30,4;4194,6;2,0;13,9;16,3;8,2;18,7;34,2;13,3;9,3;75,5;24,5;6,6;561,8;70,5;39,6;513,0;13,6;57,8;5,3;2,7;7,8;4,8;18,4;41,9;34,9;40,3;90,3;34036;86529;645,1;0,1;14,9;16,8;43,1;25,1;50,8;26,8;56,0;4,8;4,8;4,9;3,3;6,5;Die Stadt München bildet mehrere Wahlkreise. In den Spalten 1 und 7 bis 48 sind die Werte für München insgesamt ausgewiesen.
Bayern;217;München-Ost;1;79,7;395,0;286,0;27,6;4954,4;2,0;13,9;16,3;8,2;18,7;34,2;13,3;9,3;75,5;24,5;6,6;561,8;70,5;39,6;513,0;13,6;57,8;5,3;2,7;7,8;4,8;18,4;41,9;34,9;40,3;90,3;34036;86529;645,1;0,1;14,9;16,8;43,1;25,1;50,8;26,8;56,0;4,8;4,8;4,9;3,3;6,5;Die Stadt München bildet mehrere Wahlkreise. In den Spalten 1 und 7 bis 48 sind die Werte für München insgesamt ausgewiesen.
Bayern;218;München-Süd;1;52,5;341,0;246,2;27,8;6494,4;2,0;13,9;16,3;8,2;18,7;34,2;13,3;9,3;75,5;24,5;6,6;561,8;70,5;39,6;513,0;13,6;57,8;5,3;2,7;7,8;4,8;18,4;41,9;34,9;40,3;90,3;34036;86529;645,1;0,1;14,9;16,8;43,1;25,1;50,8;26,8;56,0;4,8;4,8;4,9;3,3;6,5;Die Stadt München bildet mehrere Wahlkreise. In den Spalten 1 und 7 bis 48 sind die Werte für München insgesamt ausgewiesen.
Bayern;219;München-West/Mitte;1;90,7;384,5;284,1;26,1;4240,0;2,0;13,9;16,3;8,2;18,7;34,2;13,3;9,3;75,5;24,5;6,6;561,8;70,5;39,6;513,0;13,6;57,8;5,3;2,7;7,8;4,8;18,4;41,9;34,9;40,3;90,3;34036;86529;645,1;0,1;14,9;16,8;43,1;25,1;50,8;26,8;56,0;4,8;4,8;4,9;3,3;6,5;Die Stadt München bildet mehrere Wahlkreise. In den Spalten 1 und 7 bis 48 sind die Werte für München insgesamt ausgewiesen.
Bayern;220;München-Land;29;664,3;352,8;281,5;20,2;531,1;-1,8;18,9;18,2;7,8;11,7;35,2;15,4;11,9;21,4;78,6;5,4;482,4;96,0;46,3;696,9;13,3;76,7;8,5;1,7;9,0;2,3;12,4;35,6;49,6;44,1;95,3;33720;119496;734,1;0,2;20,9;22,6;42,0;14,4;29,7;30,4;59,1;3,2;3,1;3,4;2,9;4,0;
Bayern;221;Rosenheim;47;1476,7;321,3;276,5;13,9;217,6;-2,5;15,2;17,2;7,1;12,3;33,9;18,2;11,2;12,5;87,5;6,3;505,8;96,9;49,0;667,0;6,9;56,6;11,2;2,8;9,8;4,5;20,0;49,8;25,8;24,7;89,3;26353;40159;388,8;0,7;29,6;22,9;14,2;32,6;28,5;27,7;53,7;3,3;3,5;3,1;2,4;4,1;
Bayern;222;Bad Tölz-Wolfratshausen – Miesbach;38;1976,9;226,5;195,5;13,7;114,6;-2,7;14,7;17,2;6,7;11,4;34,5;18,2;12,0;7,4;92,6;4,9;516,0;95,4;49,2;664,5;7,3;63,9;13,2;3,7;10,1;3,4;17,4;50,4;28,8;24,6;89,2;29699;35539;343,3;1,1;31,7;26,4;14,8;26,0;23,9;25,9;57,7;2,5;2,6;2,4;2,1;3,1;
Bayern;223;Starnberg – Landsberg am Lech;46;1313,7;300,5;256,5;14,6;228,8;-2,6;17,8;17,8;6,9;10,8;34,7;17,7;12,2;13,5;86,5;4,7;488,9;102,7;50,2;663,4;8,4;61,5;9,2;2,0;10,1;5,2;13,7;48,3;32,8;32,2;91,2;32320;42362;359,2;0,6;31,3;21,5;20,8;25,7;25,0;27,0;62,4;3,2;3,3;3,2;2,7;4,1;
Bayern;224;Traunstein;50;2373,6;277,1;239,1;13,7;116,8;-3,3;15,5;16,5;6,7;12,2;33,1;19,2;12,4;8,4;91,6;3,4;529,2;95,5;50,6;683,9;6,6;49,8;9,7;2,5;9,4;3,9;23,1;48,4;24,5;19,7;91,3;25525;41932;399,8;0,8;39,4;23,2;10,2;26,3;28,6;25,4;53,6;3,2;3,3;3,2;2,2;4,1;
Bayern;225;Weilheim;56;1978,5;227,4;199,6;12,2;114,9;-2,9;14,3;17,1;6,6;11,6;33,0;19,1;12,5;7,6;92,4;5,3;511,9;93,3;47,7;636,6;6,2;53,7;10,9;2,6;9,6;4,2;21,5;49,3;24,9;27,3;89,3;26822;40179;365,5;0,7;34,2;22,7;11,1;31,3;29,8;25,4;58,4;3,4;3,4;3,4;2,6;4,5;
Bayern;226;Deggendorf;55;1941,0;213,4;192,2;9,9;110,0;-4,2;15,6;15,8;7,5;12,4;33,4;20,9;10,0;11,4;88,6;5,4;510,1;106,8;54,5;685,4;6,4;46,1;9,3;3,0;8,4;4,8;22,2;49,8;23,2;24,3;91,8;24451;39749;397,0;0,7;41,5;20,7;11,3;25,8;25,9;23,9;50,2;3,2;3,5;2,9;2,4;4,5;
Bayern;227;Landshut;53;2306,0;342,6;292,0;14,8;148,6;-1,6;19,0;17,7;7,4;12,6;34,9;18,0;9,4;12,3;87,7;6,0;474,0;106,2;50,3;667,5;6,7;42,4;8,7;2,8;9,5;4,3;23,8;51,1;20,8;26,0;89,5;25601;43237;385,2;1,0;36,1;19,2;16,6;27,1;31,2;24,6;60,4;3,6;3,8;3,4;3,3;4,5;
Bayern;228;Passau;35;1503,6;233,2;202,6;13,1;155,1;-4,0;18,8;15,6;7,7;12,6;32,7;20,3;11,1;14,4;85,6;7,5;522,4;102,9;53,8;664,3;7,3;48,5;8,6;2,1;9,1;5,1;20,3;50,4;24,3;28,8;91,0;23609;41150;429,9;0,6;33,8;24,4;12,8;28,5;40,9;26,5;56,2;4,0;4,4;3,7;3,6;4,8;
Bayern;229;Rottal-Inn;53;2331,4;234,1;203,5;13,1;100,4;-3,4;22,7;16,8;7,3;12,6;34,0;19,6;9,7;11,3;88,7;4,5;459,9;115,7;53,2;721,6;6,6;46,0;9,2;1,8;9,6;5,1;28,1;48,8;18,0;24,9;89,6;25310;50646;429,7;1,5;49,0;19,1;12,4;18,0;29,1;25,0;56,3;3,5;3,6;3,4;3,4;4,5;
Bayern;230;Straubing;62;2244,0;228,3;202,2;11,4;101,7;-3,6;18,4;16,4;7,3;12,0;34,0;20,3;10,0;10,6;89,4;6,1;504,4;105,6;53,3;665,4;6,2;44,1;9,2;2,8;9,2;6,0;21,7;45,1;27,2;26,1;90,6;24363;38254;395,7;1,1;38,6;21,4;12,3;26,6;33,0;23,8;50,5;3,6;3,7;3,5;3,3;4,5;
Bayern;231;Amberg;47;2649,9;284,6;255,6;10,2;107,4;-2,8;16,6;17,0;7,1;12,1;33,8;20,0;10,0;11,2;88,8;6,7;490,4;107,1;52,5;668,6;6,2;40,6;8,4;3,0;8,9;2,9;24,4;51,3;21,4;28,3;84,5;24926;41414;393,7;0,4;41,4;19,5;12,1;26,5;28,4;25,1;57,1;3,3;3,4;3,3;3,5;3,8;
Bayern;232;Regensburg;40;1389,8;336,3;286,2;14,9;242,0;-1,6;20,3;16,4;8,2;15,1;34,0;17,1;9,1;14,3;85,7;7,4;560,3;90,7;50,8;627,3;7,7;41,6;6,3;3,3;7,9;4,3;20,4;44,7;30,6;29,5;90,5;25218;55741;537,8;0,5;31,9;20,1;18,3;29,2;39,6;24,7;55,9;3,4;3,5;3,4;3,1;4,1;
Bayern;233;Schwandorf;74;3068,0;284,1;257,0;9,5;92,6;-4,4;18,7;16,5;7,1;12,1;34,1;20,3;9,9;10,9;89,1;8,0;495,9;107,0;53,1;709,8;5,6;41,9;8,8;2,6;8,9;3,8;23,7;50,1;22,4;28,9;91,2;24023;39442;414,8;0,7;46,4;19,6;11,9;21,4;28,6;26,1;54,7;3,0;3,1;2,9;2,6;4,2;
Bayern;234;Weiden;65;2580,6;211,2;193,3;8,5;81,8;-4,3;15,2;16,4;6,9;11,9;33,3;20,9;10,7;9,7;90,3;4,6;526,9;99,9;52,7;676,7;5,5;40,6;8,3;3,2;8,6;4,7;21,0;51,8;22,5;31,6;82,8;23729;44730;427,2;0,8;40,2;20,8;13,4;24,8;36,4;23,4;50,4;3,9;4,0;3,7;3,7;5,1;
Bayern;235;Bamberg;37;1003,1;239,3;212,1;11,4;238,6;-2,4;17,0;16,8;7,4;13,7;34,1;18,7;9,4;14,2;85,8;5,1;511,1;96,1;49,1;647,9;5,9;41,0;7,5;2,7;9,9;4,7;16,9;45,3;33,1;38,7;90,4;24909;42613;429,2;0,5;33,3;22,8;14,3;29,1;33,4;23,2;50,3;3,4;3,6;3,2;3,1;4,4;
Bayern;236;Bayreuth;44;1649,9;204,7;185,4;9,4;124,0;-5,2;15,9;15,4;8,2;12,7;32,7;19,9;11,1;11,2;88,8;3,5;539,6;94,6;51,1;652,1;6,5;39,6;7,2;1,9;9,4;5,3;19,0;44,5;31,2;38,5;93,3;23932;40435;401,5;0,7;29,5;20,3;15,1;34,4;35,4;23,2;49,4;3,7;4,0;3,4;2,8;4,8;
Bayern;237;Coburg;37;1305,8;193,1;176,5;8,6;147,9;-6,9;15,8;15,1;6,7;11,1;33,6;21,6;11,9;13,0;87,0;2,6;540,3;98,3;53,1;693,1;5,9;38,9;7,6;2,0;8,7;7,0;20,7;45,2;27,2;45,9;93,7;24905;45760;458,0;0,6;40,4;18,3;18,3;22,4;40,4;23,7;43,4;4,6;4,8;4,4;5,3;5,5;
Bayern;238;Hof;44;1541,3;207,5;182,5;12,0;134,6;-8,9;22,6;15,4;6,7;11,2;32,3;21,6;12,8;13,0;87,0;2,1;579,7;90,6;52,5;660,9;6,4;38,9;7,8;2,6;9,5;10,0;19,4;44,8;25,8;40,0;90,1;23872;39170;452,0;0,6;38,1;24,6;11,3;25,5;55,8;25,0;53,8;5,0;5,3;4,8;5,2;5,6;
Bayern;239;Kulmbach;52;1732,9;211,2;195,7;7,4;121,9;-5,8;14,0;16,0;6,5;11,0;34,0;21,4;11,0;11,9;88,1;3,7;499,7;103,8;51,9;696,1;5,4;39,2;8,5;1,6;6,7;7,6;21,7;47,8;22,9;41,1;92,6;24625;34649;363,9;0,8;38,4;23,8;11,2;25,7;28,8;22,4;50,5;3,6;4,0;3,2;3,4;4,9;
Bayern;240;Ansbach;86;3042,0;321,7;285,2;11,3;105,8;-3,0;17,0;17,5;7,2;12,0;33,4;19,8;10,1;11,5;88,5;5,2;488,3;103,8;50,7;686,1;5,6;41,5;7,9;3,4;9,9;7,1;19,8;50,2;22,9;38,4;91,9;24353;37448;393,7;1,1;39,7;19,4;9,5;30,3;27,4;25,1;54,7;3,1;3,1;3,0;2,6;3,8;
Bayern;241;Erlangen;29;720,5;261,3;220,2;15,8;362,7;-2,0;21,1;17,3;8,1;14,4;33,3;17,2;9,7;16,8;83,2;3,1;528,5;92,8;49,1;596,7;7,4;36,1;5,4;2,0;9,7;3,8;14,7;41,9;39,6;43,3;92,9;27623;67700;581,8;0,3;34,1;13,0;28,0;24,6;33,2;27,0;52,1;3,5;3,5;3,5;3,2;4,1;
Bayern;242;Fürth;50;1559,2;342,9;294,0;14,3;219,9;-3,2;15,4;17,0;6,8;12,2;34,7;18,9;10,4;13,3;86,7;4,1;501,3;95,3;47,8;606,2;6,5;41,9;7,2;1,4;8,4;4,8;21,0;46,3;27,9;37,3;91,4;25416;32261;317,7;0,9;30,9;23,5;17,2;27,5;40,9;26,0;50,4;3,9;4,1;3,7;3,3;4,5;
Bayern;243;Nürnberg-Nord;1;85,8;295,6;217,3;26,5;3446,8;-2,4;26,6;16,4;8,0;15,6;33,6;15,9;10,4;61,7;38,3;4,5;543,5;75,5;41,1;473,4;8,2;43,9;5,5;4,0;9,3;7,8;22,4;40,5;29,3;32,4;87,4;24057;62997;605,3;0,5;18,8;22,4;34,6;23,8;86,4;25,3;57,5;6,7;6,7;6,7;5,5;7,6;
Bayern;244;Nürnberg-Süd;1;141,5;272,0;209,1;23,1;1922,6;-2,8;23,3;16,6;7,8;15,0;33,7;16,3;10,6;54,1;45,9;4,2;537,8;78,0;42,0;499,1;8,2;44,3;5,7;3,8;9,8;7,2;20,9;41,9;30,1;32,0;86,8;24652;59204;577,3;0,4;20,7;22,7;32,4;23,8;80,5;25,4;56,8;6,3;6,3;6,3;5,2;7,1;Spalte 1: Ohne den im Wahlkreis 244 enthaltenen Teil der Stadt Nürnberg.
Bayern;245;Roth;43;1694,7;297,6;269,9;9,3;175,6;-4,3;12,7;17,1;6,5;10,8;34,6;19,7;11,2;13,3;86,7;4,2;494,2;104,7;51,8;679,7;6,6;43,6;8,0;1,5;8,5;7,1;21,0;47,0;24,9;39,6;96,9;26784;33649;337,0;0,5;39,7;23,7;10,2;26,0;23,5;24,2;48,7;2,6;2,7;2,4;2,6;3,2;
Bayern;246;Aschaffenburg;33;761,3;243,4;210,9;13,3;319,7;-3,0;15,4;16,6;6,8;11,9;34,1;20,0;10,7;16,6;83,4;3,9;513,7;98,0;50,4;674,6;7,3;48,2;8,6;2,1;9,4;4,3;19,0;48,7;28,0;36,9;93,9;26043;47429;428,8;0,4;33,2;26,7;17,8;21,9;48,1;26,3;57,0;4,6;4,8;4,5;4,3;5,2;
Bayern;247;Bad Kissingen;89;3114,8;266,6;247,1;7,3;85,6;-4,4;14,8;16,4;6,7;11,0;32,8;21,9;11,2;10,5;89,5;3,5;505,5;105,6;53,4;705,3;5,0;38,3;8,3;1,3;9,2;4,0;22,9;48,1;25,1;42,1;93,1;24510;37265;366,3;0,9;39,6;17,5;10,2;31,9;29,6;24,2;51,8;3,3;3,6;3,0;2,9;4,0;
Bayern;248;Main-Spessart;72;2036,7;253,0;226,1;10,6;124,2;-5,1;12,7;16,4;6,7;11,1;33,6;21,2;11,0;10,5;89,5;3,3;505,0;104,2;52,6;692,4;5,9;40,8;8,3;0,9;8,6;4,0;21,0;50,7;24,3;40,7;93,7;24878;39639;366,2;0,8;49,4;18,4;10,6;20,9;31,4;26,8;57,9;3,2;3,3;3,1;3,2;3,7;
Bayern;249;Schweinfurt;61;1561,3;259,5;228,7;11,9;166,2;-4,1;16,2;17,0;7,3;11,8;33,0;20,2;10,7;14,6;85,4;3,4;501,2;99,6;49,9;666,3;6,1;37,5;6,7;2,8;9,9;5,6;21,9;44,9;27,6;39,7;91,7;24187;44061;456,0;1,2;40,5;22,5;11,3;24,4;37,2;26,1;51,8;3,5;3,7;3,4;3,0;3,9;
Bayern;250;Würzburg;53;1055,9;292,6;259,8;11,2;277,1;-2,4;12,1;15,5;8,7;15,0;31,7;18,5;10,5;16,1;83,9;4,3;554,5;89,6;49,7;590,1;7,2;43,2;6,1;3,1;8,1;7,1;17,1;42,8;33,1;45,5;92,9;25236;46742;466,6;0,6;18,5;22,6;22,0;36,4;32,7;23,1;53,7;3,5;3,8;3,3;3,0;3,8;
Bayern;251;Augsburg-Stadt;1;146,9;299,0;225,2;24,7;2035,8;-1,2;17,1;15,7;8,5;16,7;33,4;15,5;10,2;44,2;55,8;3,0;531,3;73,5;39,1;472,9;7,6;39,7;5,2;3,6;10,3;5,8;25,4;41,4;27,4;27,4;87,2;21936;49771;501,6;0,1;22,0;18,4;23,3;36,1;62,9;23,7;55,4;5,9;5,8;6,0;5,1;7,4;
Bayern;252;Augsburg-Land;47;1273,0;317,5;279,6;11,9;249,4;-1,6;15,8;18,4;6,8;11,2;34,5;18,4;10,7;15,5;84,5;4,8;467,4;104,9;49,0;659,5;7,0;44,1;9,1;1,9;8,1;5,8;24,0;49,6;20,6;28,0;91,2;26362;32458;307,2;0,8;36,2;28,9;14,0;20,0;28,0;28,5;57,2;2,8;2,8;2,8;2,4;3,7;
Bayern;253;Donau-Ries;79;2332,2;258,1;228,3;11,5;110,7;-1,8;15,1;17,8;7,2;12,0;34,1;18,9;9,8;11,7;88,3;4,6;461,0;109,6;50,5;698,4;6,1;42,1;8,3;2,7;9,8;6,0;19,5;51,0;23,5;31,7;89,7;26252;44247;415,2;1,3;44,1;20,2;13,4;21,0;28,0;28,0;59,9;2,6;2,5;2,6;2,3;3,2;
Bayern;254;Neu-Ulm;51;1278,3;312,3;261,3;16,3;244,3;-1,1;17,0;17,7;7,5;12,8;34,0;18,0;10,0;16,5;83,5;5,1;473,7;98,8;46,8;650,8;6,1;40,7;7,3;2,9;9,0;6,6;22,1;48,0;23,3;26,9;90,6;25675;43042;395,7;0,5;38,8;22,9;12,3;25,4;26,7;27,2;54,4;2,7;2,7;2,6;2,2;3,3;
Bayern;255;Memmingen – Unterallgäu;60;1459,4;216,1;187,0;13,5;148,1;-1,6;19,0;17,8;7,2;12,4;33,5;18,4;10,7;12,6;87,4;5,5;484,7;102,3;49,6;692,7;5,8;46,0;8,5;2,9;8,7;5,1;22,8;50,4;21,7;23,8;88,9;26258;44815;443,2;0,8;47,2;22,0;10,4;19,6;25,3;26,1;57,1;2,5;2,5;2,6;2,2;3,4;
Bayern;256;Oberallgäu;48;1914,6;301,6;262,2;13,1;157,5;-2,7;14,9;16,6;6,9;12,4;33,2;18,8;12,0;9,0;91,0;3,1;550,3;88,7;48,8;663,9;6,6;51,1;8,2;2,8;8,4;5,9;20,8;49,2;24,1;25,7;92,5;25938;40362;427,1;0,8;33,6;25,9;18,2;21,4;25,3;25,5;51,1;3,1;3,2;3,1;2,4;3,8;
Bayern;257;Ostallgäu;54;1587,3;216,1;190,7;11,7;136,1;-1,5;15,2;18,0;7,0;12,0;33,5;18,8;10,7;10,6;89,4;4,3;493,9;99,4;49,1;658,0;6,4;46,4;8,8;2,4;9,5;5,5;21,3;49,2;23,9;21,7;89,2;25221;37582;381,2;0,8;41,4;22,0;9,9;25,9;26,9;25,5;50,6;3,0;3,0;2,9;2,9;3,7;
Bayern;909;Land insgesamt;2056;70541,8;13176,4;11150,1;15,4;186,8;-2,3;16,6;16,9;7,4;13,2;33,9;18,1;10,4;12,5;87,5;5,0;511,1;94,6;48,4;634,9;7,6;46,7;7,8;2,6;9,0;5,1;20,4;46,8;27,7;32,8;90,6;26764;50643;449,7;0,6;31,1;21,3;21,8;25,2;36,4;25,9;55,3;3,7;3,8;3,6;3,1;4,5;
Baden-Württemberg;258;Stuttgart I;1;113,8;299,5;227,0;24,2;2633,0;-0,5;10,9;15,6;8,1;17,2;34,8;14,4;9,9;51,8;48,2;3,1;522,2;75,0;39,2;489,2;10,8;46,2;4,9;4,6;8,0;7,6;11,4;38,3;42,7;41,8;91,4;26888;87132;721,3;0,1;22,8;14,0;35,4;27,8;68,1;25,4;57,9;5,8;5,9;5,8;4,6;7,0;Die Stadt Stuttgart bildet mehrere Wahlkreise. In den Spalten 1 und 7 bis 48 sind die Werte für Stuttgart insgesamt ausgewiesen.
Baden-Württemberg;259;Stuttgart II;1;93,6;313,6;218,9;30,2;3351,3;-0,5;10,9;15,6;8,1;17,2;34,8;14,4;9,9;51,8;48,2;3,1;522,2;75,0;39,2;489,2;10,8;46,2;4,9;4,6;8,0;7,6;11,4;38,3;42,7;41,8;91,4;26888;87132;721,3;0,1;22,8;14,0;35,4;27,8;68,1;25,4;57,9;5,8;5,9;5,8;4,6;7,0;Die Stadt Stuttgart bildet mehrere Wahlkreise. In den Spalten 1 und 7 bis 48 sind die Werte für Stuttgart insgesamt ausgewiesen.
Baden-Württemberg;260;Böblingen;23;563,2;371,5;294,8;20,6;659,7;-0,2;13,9;18,6;6,8;12,6;34,3;16,9;10,7;24,0;76,0;3,7;478,3;93,5;44,7;670,5;11,9;37,7;5,6;4,2;8,5;6,9;12,0;51,8;29,3;30,2;88,4;27338;67016;477,0;0,1;37,8;20,4;24,4;17,3;42,1;28,7;66,4;3,9;3,9;3,9;2,8;4,5;
Baden-Württemberg;261;Esslingen;15;208,7;252,8;199,6;21,1;1211,6;-1,5;16,0;17,4;7,4;13,4;34,4;16,4;11,1;30,5;69,5;3,5;495,0;86,2;42,7;643,7;8,9;41,0;6,7;3,1;9,0;5,3;14,4;46,5;33,9;29,3;90,0;27106;44985;419,6;0,4;36,3;21,2;21,7;20,4;47,0;26,8;61,6;4,0;4,2;3,6;3,4;4,4;
Baden-Württemberg;262;Nürtingen;31;465,0;298,3;244,6;18,0;641,5;-1,6;13,8;17,2;7,1;12,5;34,1;18,2;10,8;22,1;77,9;3,0;488,8;92,5;45,2;645,0;9,1;40,8;6,6;3,1;9,0;5,4;14,3;46,7;33,6;29,3;89,9;27118;46101;422,5;0,4;36,4;21,1;21,9;20,2;46,7;26,8;61,8;3,9;4,2;3,6;3,4;4,4;
Baden-Württemberg;263;Göppingen;38;642,3;259,2;209,2;19,3;403,6;-2,5;14,0;17,6;7,1;12,0;33,4;18,7;11,2;17,0;83,0;3,3;483,1;93,0;44,9;658,7;6,7;40,4;7,5;3,5;8,8;7,5;18,1;51,0;23,4;24,2;91,7;25798;33499;340,5;0,3;39,4;20,2;15,6;24,5;53,3;29,0;60,6;4,8;5,0;4,6;4,4;5,2;
Baden-Württemberg;264;Waiblingen;18;513,3;332,4;271,7;18,3;647,6;-2,0;13,2;17,6;7,0;12,3;33,9;18,0;11,2;20,2;79,8;4,0;478,4;89,7;42,9;621,1;7,3;42,2;7,7;3,8;8,8;6,2;15,6;50,9;27,3;28,2;91,5;26685;37672;350,5;0,5;38,4;20,4;15,6;25,0;49,4;27,6;59,8;4,2;4,5;4,0;3,1;4,8;
Baden-Württemberg;265;Ludwigsburg;16;361,5;323,3;254,5;21,3;894,4;-0,4;11,3;18,1;7,1;13,1;34,7;16,6;10,5;28,0;72,0;2,9;497,4;87,6;43,6;635,7;7,7;38,5;6,4;2,5;9,1;6,1;14,7;48,5;30,7;30,4;93,4;27597;46084;402,9;0,7;34,6;22,9;21,0;20,8;43,0;29,0;63,7;3,9;4,0;3,8;3,9;4,2;
Baden-Württemberg;266;Neckar-Zaber;39;642,4;330,8;273,9;17,2;515,0;-1,0;13,0;18,2;6,9;12,0;34,6;18,1;10,3;21,0;79,0;3,0;477,9;97,5;46,6;664,2;8,3;38,5;6,9;1,8;8,6;6,3;15,9;49,0;28,8;29,2;92,1;27154;50676;409,9;0,7;37,9;21,8;20,4;19,2;41,8;28,8;62,0;3,9;3,9;3,8;3,6;4,3;
Baden-Württemberg;267;Heilbronn;32;904,9;373,6;292,4;21,7;412,9;-1,1;19,9;18,2;7,7;13,3;33,9;17,3;9,6;19,5;80,5;3,9;467,2;94,1;44,0;654,1;8,7;39,9;7,4;4,9;8,8;6,8;18,8;49,5;25,0;26,2;90,6;27390;60806;479,0;0,5;34,6;21,1;22,1;21,7;51,1;27,3;58,7;4,7;4,7;4,7;3,6;5,3;
Baden-Württemberg;268;Schwäbisch Hall – Hohenlohe;46;2260,8;315,9;270,1;14,5;139,7;-1,3;18,2;18,1;7,4;12,7;33,7;18,9;9,2;12,9;87,1;4,9;473,7;101,1;47,9;709,0;7,2;39,1;7,6;4,0;9,2;7,7;20,3;49,0;23,0;23,7;91,1;25402;50795;479,9;0,8;46,1;22,7;12,7;17,7;34,5;26,7;54,4;3,6;3,6;3,6;3,5;4,1;
Baden-Württemberg;269;Backnang – Schwäbisch Gmünd;34;838,7;252,3;213,9;15,2;300,8;-3,0;15,8;17,7;7,3;12,0;33,3;19,0;10,7;15,4;84,6;3,8;475,2;96,3;45,7;648,5;6,7;40,0;7,3;4,1;9,5;6,4;16,1;49,4;28,1;27,7;92,3;26380;43300;392,0;0,5;43,3;18,1;13,5;24,6;43,5;27,1;54,0;3,8;4,0;3,6;2,7;4,7;
Baden-Württemberg;270;Aalen – Heidenheim;32;1644,6;307,9;261,8;15,0;187,2;-2,4;18,1;17,3;7,5;12,4;33,4;18,8;10,7;12,8;87,2;3,6;482,5;97,7;47,2;659,2;6,0;36,6;6,7;3,9;9,8;7,6;18,2;46,5;27,7;27,2;92,3;25423;43749;411,5;0,4;45,8;17,4;13,3;23,0;42,6;26,5;49,7;4,0;4,0;4,1;3,0;5,1;
Baden-Württemberg;271;Karlsruhe-Stadt;1;173,4;308,2;246,5;20,0;1777,1;-2,0;10,8;14,4;10,0;17,3;32,8;15,7;9,9;46,9;53,1;1,4;519,9;80,6;41,9;458,6;9,0;43,8;5,6;4,4;7,7;6,5;9,0;40,9;43,6;43,0;92,6;23832;72092;608,2;0,0;14,8;21,0;37,1;27,1;53,4;23,4;42,0;4,8;5,0;4,5;3,6;5,6;
Baden-Württemberg;272;Karlsruhe-Land;21;718,4;291,7;247,7;15,1;406,1;-3,7;15,3;17,1;6,5;11,3;34,1;19,7;11,3;17,5;82,5;3,7;476,2;103,4;49,2;633,4;6,8;39,6;7,9;3,5;8,8;6,9;17,4;51,3;24,4;35,9;90,5;25606;38549;358,0;0,4;34,6;20,7;23,7;20,6;38,1;27,1;56,8;3,9;4,0;3,9;3,8;4,3;
Baden-Württemberg;273;Rastatt;24;878,6;287,9;235,5;18,2;327,6;-4,7;18,9;16,6;6,7;11,4;33,7;20,3;11,3;15,1;84,9;2,9;502,9;98,1;49,4;662,8;7,9;39,8;6,3;4,1;8,6;6,9;17,4;50,2;25,4;35,8;89,5;26568;46275;427,8;0,5;42,5;18,8;16,6;21,6;49,4;26,5;59,4;4,5;4,4;4,6;3,4;5,2;
Baden-Württemberg;274;Heidelberg;12;305,5;321,6;264,1;17,9;1052,6;-2,1;15,7;15,9;10,1;14,9;32,3;16,1;10,6;27,3;72,7;2,1;514,6;86,2;44,4;525,4;8,2;43,3;5,6;3,6;8,2;4,5;11,9;37,6;46,0;45,2;91,1;25785;48936;478,1;0,2;17,8;16,7;28,5;36,7;45,0;25,4;48,6;4,4;4,7;4,1;2,6;5,4;
Baden-Württemberg;275;Mannheim;1;145,0;316,3;229,9;27,3;2181,5;-1,7;12,9;15,9;9,6;17,0;33,1;15,3;9,1;58,2;41,8;4,7;545,8;75,3;41,1;499,0;8,6;43,7;6,0;3,2;8,5;8,5;14,9;41,3;35,3;30,5;79,7;22997;69321;628,0;0,1;26,2;21,8;29,3;22,7;95,0;26,0;48,2;7,6;7,4;7,8;2,9;9,0;
Baden-Württemberg;276;Odenwald – Tauber;45;2430,1;279,1;244,8;12,3;114,9;-3,9;17,0;16,8;7,0;11,5;32,9;20,9;10,8;11,2;88,8;4,9;492,1;105,1;51,7;681,5;5,8;36,9;7,2;4,9;9,4;8,4;19,9;47,1;24,6;30,4;92,4;24346;36955;374,1;0,6;43,4;18,0;9,9;28,1;35,0;27,1;50,2;3,6;3,6;3,6;2,9;4,6;
Baden-Württemberg;277;Rhein-Neckar;34;724,8;276,2;236,0;14,6;381,1;-2,9;16,3;17,5;6,8;11,5;34,0;19,6;10,6;17,8;82,2;3,5;479,8;104,2;50,0;647,4;7,9;41,1;7,0;3,1;7,6;7,2;13,8;44,6;34,4;37,8;93,3;26909;39319;330,8;0,4;26,5;20,2;29,4;23,5;46,1;26,4;52,8;4,2;4,4;4,0;3,3;4,9;
Baden-Württemberg;278;Bruchsal – Schwetzingen;20;506,6;278,8;234,7;15,8;550,3;-3,3;15,8;17,2;6,7;12,1;34,8;18,9;10,3;23,9;76,1;3,7;475,6;101,3;48,2;639,2;7,2;40,3;7,5;3,3;8,4;7,0;16,1;48,8;28,1;36,6;91,7;26144;38867;346,8;0,4;31,4;20,5;25,9;21,7;41,4;26,7;55,0;4,0;4,1;3,9;3,6;4,6;
Baden-Württemberg;279;Pforzheim;29;671,6;335,0;264,1;21,2;498,8;-2,2;15,4;18,2;7,5;12,5;33,1;18,1;10,7;19,0;81,0;2,7;472,3;94,2;44,5;600,4;6,7;41,4;7,1;3,2;8,6;7,5;17,3;46,9;28,3;25,2;84,8;25925;36811;372,4;0,2;40,7;20,8;15,1;23,2;57,3;29,2;59,1;4,8;4,7;4,9;3,7;5,1;
Baden-Württemberg;280;Calw;41;1667,7;283,1;237,1;16,3;169,7;-2,5;17,0;17,7;7,2;11,8;33,3;19,6;10,3;10,8;89,2;4,2;493,8;95,6;47,2;676,0;7,6;39,9;8,0;4,5;8,8;7,4;16,8;54,1;21,7;27,0;91,5;25855;35751;355,1;0,4;40,4;23,3;9,3;26,6;38,5;26,2;54,8;3,9;4,0;3,8;3,1;4,6;
Baden-Württemberg;281;Freiburg;20;452,8;328,6;274,0;16,6;725,6;0,2;16,4;16,5;10,0;16,4;31,8;16,1;9,2;21,3;78,7;3,9;497,1;81,0;40,3;459,8;6,8;45,0;5,7;4,8;9,3;7,3;10,6;39,1;43,1;45,0;96,4;23885;51597;509,3;0,4;17,8;20,7;19,8;41,4;56,8;26,8;46,2;4,8;5,3;4,3;3,0;5,1;
Baden-Württemberg;282;Lörrach – Müllheim;48;1155,1;336,2;277,4;17,5;291,0;-3,4;18,3;18,0;6,8;11,9;33,5;19,1;10,7;13,8;86,2;3,6;476,3;96,0;45,7;593,9;6,9;38,9;6,8;2,2;9,0;5,4;15,7;49,6;29,3;32,9;92,1;27332;34080;330,4;1,0;36,1;24,2;13,2;25,6;46,7;28,4;52,9;4,6;4,8;4,4;2,9;5,0;
Baden-Württemberg;283;Emmendingen – Lahr;41;1204,2;306,1;261,8;14,5;254,2;-1,9;20,4;18,1;7,1;11,9;33,6;19,3;10,1;12,4;87,6;5,0;464,7;98,2;45,6;629,2;5,8;40,8;7,3;3,4;8,1;8,3;18,2;49,4;24,1;34,9;92,5;25021;39213;384,8;0,7;39,6;20,7;12,7;26,3;38,2;28,2;54,8;3,4;3,5;3,3;3,0;3,6;
Baden-Württemberg;284;Offenburg;29;1094,5;286,5;245,0;14,5;261,7;-2,8;18,9;17,5;7,0;12,2;33,2;19,7;10,5;13,7;86,3;4,0;469,4;99,9;46,9;637,6;5,8;40,5;6,8;3,7;9,6;6,7;19,5;48,0;25,8;35,0;92,7;24956;43671;441,2;0,6;36,5;23,5;14,4;25,1;42,6;28,8;51,9;3,9;3,9;3,9;3,4;4,2;
Baden-Württemberg;285;Rottweil – Tuttlingen;56;1503,8;285,3;236,5;17,1;189,7;-1,3;17,2;18,7;7,3;12,4;33,1;18,5;10,0;13,0;87,0;5,0;483,1;99,9;48,2;668,3;6,7;42,8;7,7;3,7;9,2;7,1;19,2;48,1;25,7;27,0;89,0;26959;47270;454,5;0,2;57,0;15,2;8,9;18,6;36,5;29,7;61,1;4,0;4,1;3,8;4,5;3,8;
Baden-Württemberg;286;Schwarzwald-Baar;25;1266,8;234,3;191,4;18,3;185,0;-3,5;19,1;17,6;7,1;12,3;32,3;19,4;11,4;10,6;89,4;5,7;510,8;91,6;46,8;635,9;6,8;40,7;6,8;4,3;9,4;8,8;16,8;51,7;22,6;31,2;87,5;25977;41250;416,7;0,3;42,6;19,8;12,5;24,8;44,3;28,5;55,2;4,6;4,7;4,4;4,5;4,5;
Baden-Württemberg;287;Konstanz;25;818,0;291,4;240,8;17,4;356,2;-3,1;19,0;16,8;8,8;13,1;32,1;18,2;11,0;16,2;83,8;4,3;511,1;89,6;45,8;569,2;6,9;42,6;6,4;4,0;8,6;6,8;17,0;47,0;29,2;33,6;88,7;25969;38647;368,1;1,1;27,4;24,6;16,3;30,6;46,8;28,4;54,0;4,2;4,6;3,8;2,7;4,6;
Baden-Württemberg;288;Waldshut;50;1861,3;252,5;210,0;16,8;135,6;-3,9;18,4;17,6;7,0;11,7;33,0;19,8;10,9;9,3;90,7;3,7;507,5;97,1;49,3;635,4;6,4;40,0;7,9;3,3;9,3;5,8;18,7;51,5;24,0;31,4;97,2;26024;32294;322,1;0,8;36,5;25,6;10,8;26,4;39,5;29,1;55,4;4,0;4,2;3,8;3,3;4,4;
Baden-Württemberg;289;Reutlingen;26;1092,5;293,4;241,4;17,7;268,6;-1,9;14,0;17,8;7,4;12,2;33,5;18,5;10,6;13,6;86,4;3,8;477,7;93,7;44,7;630,6;6,3;42,9;7,8;4,0;8,5;7,1;17,2;45,2;30,6;31,4;90,5;26034;42600;400,1;0,5;40,0;17,2;16,8;25,5;45,0;28,5;59,4;4,4;4,5;4,2;3,2;4,7;
Baden-Württemberg;290;Tübingen;21;788,8;283,2;240,7;15,0;359,1;-0,4;13,1;17,0;9,9;14,5;31,8;17,7;9,1;16,7;83,3;4,0;466,0;95,7;44,6;579,9;6,5;38,6;6,7;3,0;9,0;6,7;14,7;38,3;40,3;37,0;92,2;25114;37534;390,9;1,5;28,4;17,0;13,8;39,4;38,2;28,7;58,8;3,5;3,7;3,2;2,3;3,9;
Baden-Württemberg;291;Ulm;56;1477,2;330,8;269,0;18,7;223,9;-0,3;15,1;17,9;8,2;14,1;33,3;17,0;9,7;14,2;85,8;5,2;477,6;95,5;45,6;611,4;7,0;41,3;6,8;5,0;9,6;6,4;18,5;46,3;28,9;29,7;90,7;26057;52905;488,3;0,3;33,4;21,7;19,4;25,3;37,4;29,5;63,3;3,3;3,5;3,2;3,1;3,5;
Baden-Württemberg;292;Biberach;49;1748,1;237,0;206,5;12,9;135,6;-0,4;15,8;18,9;7,2;12,5;34,0;18,1;9,2;11,9;88,1;6,2;467,8;105,3;49,3;664,3;6,0;39,3;7,3;4,6;9,8;6,1;20,8;51,1;22,0;26,3;93,2;25778;56551;436,6;0,7;51,9;15,8;11,4;20,1;28,5;28,1;59,7;2,6;2,7;2,6;2,7;2,7;
Baden-Württemberg;293;Bodensee;27;860,5;242,7;204,2;15,9;282,0;-2,3;18,5;17,1;6,9;11,9;33,0;19,2;11,9;14,2;85,8;4,2;509,6;93,5;47,7;650,3;7,3;44,1;7,0;4,9;9,4;8,2;17,0;48,5;26,3;30,3;90,7;27599;51193;436,6;1,0;44,6;17,0;13,2;24,3;35,5;27,4;57,1;3,6;3,6;3,6;3,5;4,0;
Baden-Württemberg;294;Ravensburg;35;1293,4;259,5;223,8;13,7;200,6;-1,3;14,8;17,7;7,9;12,9;33,1;18,2;10,2;11,9;88,1;5,9;474,2;95,8;45,4;647,1;6,0;46,0;8,1;4,7;10,4;6,9;15,1;52,8;25,2;27,2;92,2;25446;50374;435,8;0,7;36,8;19,4;14,1;28,9;34,4;28,0;52,9;3,0;3,1;2,8;2,4;3,3;
Baden-Württemberg;295;Zollernalb – Sigmaringen;40;1656,3;254,3;218,1;14,2;153,5;-2,4;20,4;17,4;7,2;12,1;32,9;19,6;10,8;12,2;87,8;4,6;483,3;101,8;49,2;680,9;6,1;41,8;8,8;4,1;9,2;7,5;19,5;50,8;22,2;28,7;88,2;25619;39738;374,1;0,8;45,4;20,6;9,0;24,3;34,8;26,2;50,7;4,0;4,1;3,8;3,4;4,5;
Baden-Württemberg;908;Land insgesamt;1101;35747,9;11230,7;9213,1;18,0;314,2;-1,9;15,8;17,3;7,6;13,1;33,5;18,0;10,4;15,0;85,0;3,9;489,1;93,1;45,6;616,6;7,5;41,1;6,9;3,8;8,9;6,9;16,1;47,2;29,7;31,9;90,9;26039;48493;437,1;0,5;34,7;19,8;20,0;25,1;46,1;27,3;55,8;4,2;4,3;4,1;3,3;4,7;
Saarland;296;Saarbrücken;6;325,7;274,3;216,9;20,9;842,3;-5,7;17,2;15,7;7,8;14,1;31,3;19,9;11,1;31,8;68,2;2,2;547,8;87,6;48,0;581,6;6,8;41,0;6,6;3,7;9,0;8,8;28,8;28,1;34,3;32,1;84,4;21856;45776;470,5;0,1;22,2;18,6;26,2;32,9;125,9;26,0;50,5;9,7;10,4;8,9;8,8;9,2;
Saarland;297;Saarlouis;18;893,6;278,6;240,3;13,8;311,8;-6,5;17,6;15,5;6,4;11,1;32,8;22,8;11,3;19,5;80,5;3,4;489,2;109,6;53,6;661,9;6,1;36,0;7,7;4,3;9,1;5,8;26,4;29,4;38,3;36,7;92,9;21915;30012;315,8;0,4;33,6;24,8;13,9;27,2;56,0;26,1;51,8;5,3;5,9;4,8;2,4;5,8;
Saarland;298;St. Wendel;16;802,5;216,4;197,0;9,0;269,7;-7,9;18,2;15,0;5,9;10,8;32,6;23,7;12,0;18,9;81,1;2,2;511,3;110,7;56,6;673,2;6,3;35,1;7,4;3,8;8,8;6,6;27,6;32,6;33,2;34,1;85,1;22736;30412;329,1;0,3;32,6;20,7;15,4;31,0;73,9;27,1;52,0;6,1;6,6;5,7;5,0;6,1;
Saarland;299;Homburg;12;550,2;244,7;210,6;13,9;444,8;-7,0;19,2;15,7;6,6;11,4;31,9;22,2;12,1;24,2;75,8;1,5;529,0;99,4;52,6;661,6;6,4;38,8;7,6;3,7;8,4;8,7;27,5;31,1;32,7;32,9;87,8;23126;39444;425,7;0,2;33,3;19,4;17,4;29,6;79,0;26,0;51,3;6,6;7,1;5,9;6,6;6,4;
Saarland;910;Land insgesamt;52;2572,0;1014,0;864,8;14,7;394,3;-6,7;18,0;15,5;6,7;12,0;32,2;22,1;11,6;21,9;78,1;2,4;519,4;101,1;52,5;642,5;6,4;37,9;7,3;3,9;8,8;7,5;27,6;30,1;34,8;33,9;87,6;22370;36730;387,0;0,2;29,6;20,6;19,2;30,4;84,3;26,2;51,2;7,0;7,6;6,4;5,8;6,9;
Deutschland;999;Insgesamt;10775;357684,2;83456,0;71347,1;14,5;233,3;-4,0;17,3;16,9;7,3;12,5;33,5;18,9;11,0;14,5;85,5;3,5;523,0;89,3;46,7;588,3;6,9;41,0;6,8;2,7;9,1;6,8;16,3;43,1;33,8;37,8;91,4;24415;43292;415,9;0,7;27,1;21,9;21,5;28,7;69,1;26,1;47,3;5,9;6,1;5,7;5,2;6,2;Spalte 21 und 22: Einschl. Fahrzeuge, die regional nicht zugeordnet wurden. Spalte 25 bis 30: Die Aufsummierung der Länderergebnisse ergibt aufgrund nachträglicher Korrekturen der Länder nicht den Deutschlandwert. Spalte 35: Einschl. sozialversicherungspflichtig Beschäftigte, für die eine Länderzuordnung am Arbeitsort nicht möglich ist.
